"Data","Reservatório","Vazao"
1999-01-01,"TRÊS MARIAS",854
1999-01-02,"TRÊS MARIAS",1128
1999-01-03,"TRÊS MARIAS",1021
1999-01-04,"TRÊS MARIAS",1307
1999-01-05,"TRÊS MARIAS",1481
1999-01-06,"TRÊS MARIAS",1555
1999-01-07,"TRÊS MARIAS",1323
1999-01-08,"TRÊS MARIAS",1322
1999-01-09,"TRÊS MARIAS",1259
1999-01-10,"TRÊS MARIAS",1137
1999-01-11,"TRÊS MARIAS",947
1999-01-12,"TRÊS MARIAS",911
1999-01-13,"TRÊS MARIAS",877
1999-01-14,"TRÊS MARIAS",835
1999-01-15,"TRÊS MARIAS",831
1999-01-16,"TRÊS MARIAS",640
1999-01-17,"TRÊS MARIAS",629
1999-01-18,"TRÊS MARIAS",636
1999-01-19,"TRÊS MARIAS",566
1999-01-20,"TRÊS MARIAS",573
1999-01-21,"TRÊS MARIAS",700
1999-01-22,"TRÊS MARIAS",380
1999-01-23,"TRÊS MARIAS",436
1999-01-24,"TRÊS MARIAS",514
1999-01-25,"TRÊS MARIAS",396
1999-01-26,"TRÊS MARIAS",525
1999-01-27,"TRÊS MARIAS",444
1999-01-28,"TRÊS MARIAS",547
1999-01-29,"TRÊS MARIAS",437
1999-01-30,"TRÊS MARIAS",827
1999-01-31,"TRÊS MARIAS",702
1999-02-01,"TRÊS MARIAS",789
1999-02-02,"TRÊS MARIAS",615
1999-02-03,"TRÊS MARIAS",704
1999-02-04,"TRÊS MARIAS",666
1999-02-05,"TRÊS MARIAS",570
1999-02-06,"TRÊS MARIAS",568
1999-02-07,"TRÊS MARIAS",432
1999-02-08,"TRÊS MARIAS",434
1999-02-09,"TRÊS MARIAS",395
1999-02-10,"TRÊS MARIAS",370
1999-02-11,"TRÊS MARIAS",763
1999-02-12,"TRÊS MARIAS",270
1999-02-13,"TRÊS MARIAS",543
1999-02-14,"TRÊS MARIAS",406
1999-02-15,"TRÊS MARIAS",483
1999-02-16,"TRÊS MARIAS",399
1999-02-17,"TRÊS MARIAS",396
1999-02-18,"TRÊS MARIAS",621
1999-02-19,"TRÊS MARIAS",458
1999-02-20,"TRÊS MARIAS",450
1999-02-21,"TRÊS MARIAS",296
1999-02-22,"TRÊS MARIAS",625
1999-02-23,"TRÊS MARIAS",625
1999-02-24,"TRÊS MARIAS",678
1999-02-25,"TRÊS MARIAS",578
1999-02-26,"TRÊS MARIAS",773
1999-02-27,"TRÊS MARIAS",960
1999-02-28,"TRÊS MARIAS",1560
1999-03-01,"TRÊS MARIAS",3062
1999-03-02,"TRÊS MARIAS",2575
1999-03-03,"TRÊS MARIAS",1776
1999-03-04,"TRÊS MARIAS",2005
1999-03-05,"TRÊS MARIAS",1948
1999-03-06,"TRÊS MARIAS",1393
1999-03-07,"TRÊS MARIAS",2502
1999-03-08,"TRÊS MARIAS",3229
1999-03-09,"TRÊS MARIAS",2408
1999-03-10,"TRÊS MARIAS",2467
1999-03-11,"TRÊS MARIAS",2298
1999-03-12,"TRÊS MARIAS",1948
1999-03-13,"TRÊS MARIAS",2319
1999-03-14,"TRÊS MARIAS",1756
1999-03-15,"TRÊS MARIAS",1779
1999-03-16,"TRÊS MARIAS",1522
1999-03-17,"TRÊS MARIAS",1979
1999-03-18,"TRÊS MARIAS",1267
1999-03-19,"TRÊS MARIAS",1011
1999-03-20,"TRÊS MARIAS",1149
1999-03-21,"TRÊS MARIAS",1068
1999-03-22,"TRÊS MARIAS",777
1999-03-23,"TRÊS MARIAS",974
1999-03-24,"TRÊS MARIAS",808
1999-03-25,"TRÊS MARIAS",1017
1999-03-26,"TRÊS MARIAS",915
1999-03-27,"TRÊS MARIAS",1055
1999-03-28,"TRÊS MARIAS",835
1999-03-29,"TRÊS MARIAS",982
1999-03-30,"TRÊS MARIAS",812
1999-03-31,"TRÊS MARIAS",691
1999-04-01,"TRÊS MARIAS",822
1999-04-02,"TRÊS MARIAS",548
1999-04-03,"TRÊS MARIAS",703
1999-04-04,"TRÊS MARIAS",482
1999-04-05,"TRÊS MARIAS",717
1999-04-06,"TRÊS MARIAS",557
1999-04-07,"TRÊS MARIAS",550
1999-04-08,"TRÊS MARIAS",588
1999-04-09,"TRÊS MARIAS",506
1999-04-10,"TRÊS MARIAS",585
1999-04-11,"TRÊS MARIAS",367
1999-04-12,"TRÊS MARIAS",565
1999-04-13,"TRÊS MARIAS",468
1999-04-14,"TRÊS MARIAS",459
1999-04-15,"TRÊS MARIAS",494
1999-04-16,"TRÊS MARIAS",495
1999-04-17,"TRÊS MARIAS",567
1999-04-18,"TRÊS MARIAS",525
1999-04-19,"TRÊS MARIAS",483
1999-04-20,"TRÊS MARIAS",504
1999-04-21,"TRÊS MARIAS",531
1999-04-22,"TRÊS MARIAS",594
1999-04-23,"TRÊS MARIAS",463
1999-04-24,"TRÊS MARIAS",552
1999-04-25,"TRÊS MARIAS",334
1999-04-26,"TRÊS MARIAS",444
1999-04-27,"TRÊS MARIAS",525
1999-04-28,"TRÊS MARIAS",445
1999-04-29,"TRÊS MARIAS",372
1999-04-30,"TRÊS MARIAS",450
1999-05-01,"TRÊS MARIAS",387
1999-05-02,"TRÊS MARIAS",385
1999-05-03,"TRÊS MARIAS",367
1999-05-04,"TRÊS MARIAS",445
1999-05-05,"TRÊS MARIAS",372
1999-05-06,"TRÊS MARIAS",376
1999-05-07,"TRÊS MARIAS",362
1999-05-08,"TRÊS MARIAS",462
1999-05-09,"TRÊS MARIAS",388
1999-05-10,"TRÊS MARIAS",456
1999-05-11,"TRÊS MARIAS",327
1999-05-12,"TRÊS MARIAS",331
1999-05-13,"TRÊS MARIAS",464
1999-05-14,"TRÊS MARIAS",479
1999-05-15,"TRÊS MARIAS",478
1999-05-16,"TRÊS MARIAS",332
1999-05-17,"TRÊS MARIAS",330
1999-05-18,"TRÊS MARIAS",335
1999-05-19,"TRÊS MARIAS",270
1999-05-20,"TRÊS MARIAS",551
1999-05-21,"TRÊS MARIAS",308
1999-05-22,"TRÊS MARIAS",334
1999-05-23,"TRÊS MARIAS",321
1999-05-24,"TRÊS MARIAS",403
1999-05-25,"TRÊS MARIAS",262
1999-05-26,"TRÊS MARIAS",330
1999-05-27,"TRÊS MARIAS",415
1999-05-28,"TRÊS MARIAS",329
1999-05-29,"TRÊS MARIAS",252
1999-05-30,"TRÊS MARIAS",547
1999-05-31,"TRÊS MARIAS",104
1999-06-01,"TRÊS MARIAS",278
1999-06-02,"TRÊS MARIAS",205
1999-06-03,"TRÊS MARIAS",227
1999-06-04,"TRÊS MARIAS",205
1999-06-05,"TRÊS MARIAS",202
1999-06-06,"TRÊS MARIAS",199
1999-06-07,"TRÊS MARIAS",244
1999-06-08,"TRÊS MARIAS",218
1999-06-09,"TRÊS MARIAS",194
1999-06-10,"TRÊS MARIAS",198
1999-06-11,"TRÊS MARIAS",202
1999-06-12,"TRÊS MARIAS",199
1999-06-13,"TRÊS MARIAS",216
1999-06-14,"TRÊS MARIAS",205
1999-06-15,"TRÊS MARIAS",193
1999-06-16,"TRÊS MARIAS",233
1999-06-17,"TRÊS MARIAS",240
1999-06-18,"TRÊS MARIAS",226
1999-06-19,"TRÊS MARIAS",195
1999-06-20,"TRÊS MARIAS",247
1999-06-21,"TRÊS MARIAS",207
1999-06-22,"TRÊS MARIAS",224
1999-06-23,"TRÊS MARIAS",257
1999-06-24,"TRÊS MARIAS",209
1999-06-25,"TRÊS MARIAS",190
1999-06-26,"TRÊS MARIAS",154
1999-06-27,"TRÊS MARIAS",174
1999-06-28,"TRÊS MARIAS",156
1999-06-29,"TRÊS MARIAS",179
1999-06-30,"TRÊS MARIAS",202
1999-07-01,"TRÊS MARIAS",214
1999-07-02,"TRÊS MARIAS",103
1999-07-03,"TRÊS MARIAS",322
1999-07-04,"TRÊS MARIAS",300
1999-07-05,"TRÊS MARIAS",332
1999-07-06,"TRÊS MARIAS",233
1999-07-07,"TRÊS MARIAS",161
1999-07-08,"TRÊS MARIAS",120
1999-07-09,"TRÊS MARIAS",197
1999-07-10,"TRÊS MARIAS",177
1999-07-11,"TRÊS MARIAS",145
1999-07-12,"TRÊS MARIAS",254
1999-07-13,"TRÊS MARIAS",161
1999-07-14,"TRÊS MARIAS",101
1999-07-15,"TRÊS MARIAS",172
1999-07-16,"TRÊS MARIAS",119
1999-07-17,"TRÊS MARIAS",190
1999-07-18,"TRÊS MARIAS",195
1999-07-19,"TRÊS MARIAS",150
1999-07-20,"TRÊS MARIAS",187
1999-07-21,"TRÊS MARIAS",115
1999-07-22,"TRÊS MARIAS",131
1999-07-23,"TRÊS MARIAS",135
1999-07-24,"TRÊS MARIAS",175
1999-07-25,"TRÊS MARIAS",180
1999-07-26,"TRÊS MARIAS",128
1999-07-27,"TRÊS MARIAS",141
1999-07-28,"TRÊS MARIAS",128
1999-07-29,"TRÊS MARIAS",128
1999-07-30,"TRÊS MARIAS",118
1999-07-31,"TRÊS MARIAS",192
1999-08-01,"TRÊS MARIAS",83
1999-08-02,"TRÊS MARIAS",117
1999-08-03,"TRÊS MARIAS",44
1999-08-04,"TRÊS MARIAS",126
1999-08-05,"TRÊS MARIAS",127
1999-08-06,"TRÊS MARIAS",53
1999-08-07,"TRÊS MARIAS",49
1999-08-08,"TRÊS MARIAS",93
1999-08-09,"TRÊS MARIAS",118
1999-08-10,"TRÊS MARIAS",205
1999-08-11,"TRÊS MARIAS",60
1999-08-12,"TRÊS MARIAS",61
1999-08-13,"TRÊS MARIAS",67
1999-08-14,"TRÊS MARIAS",211
1999-08-15,"TRÊS MARIAS",101
1999-08-16,"TRÊS MARIAS",63
1999-08-17,"TRÊS MARIAS",43
1999-08-18,"TRÊS MARIAS",44
1999-08-19,"TRÊS MARIAS",52
1999-08-20,"TRÊS MARIAS",45
1999-08-21,"TRÊS MARIAS",25
1999-08-22,"TRÊS MARIAS",15
1999-08-23,"TRÊS MARIAS",125
1999-08-24,"TRÊS MARIAS",83
1999-08-25,"TRÊS MARIAS",90
1999-08-26,"TRÊS MARIAS",95
1999-08-27,"TRÊS MARIAS",121
1999-08-28,"TRÊS MARIAS",100
1999-08-29,"TRÊS MARIAS",134
1999-08-30,"TRÊS MARIAS",92
1999-08-31,"TRÊS MARIAS",103
1999-09-01,"TRÊS MARIAS",115
1999-09-02,"TRÊS MARIAS",93
1999-09-03,"TRÊS MARIAS",111
1999-09-04,"TRÊS MARIAS",81
1999-09-05,"TRÊS MARIAS",62
1999-09-06,"TRÊS MARIAS",97
1999-09-07,"TRÊS MARIAS",83
1999-09-08,"TRÊS MARIAS",68
1999-09-09,"TRÊS MARIAS",119
1999-09-10,"TRÊS MARIAS",110
1999-09-11,"TRÊS MARIAS",57
1999-09-12,"TRÊS MARIAS",52
1999-09-13,"TRÊS MARIAS",47
1999-09-14,"TRÊS MARIAS",65
1999-09-15,"TRÊS MARIAS",83
1999-09-16,"TRÊS MARIAS",128
1999-09-17,"TRÊS MARIAS",90
1999-09-18,"TRÊS MARIAS",84
1999-09-19,"TRÊS MARIAS",121
1999-09-20,"TRÊS MARIAS",174
1999-09-21,"TRÊS MARIAS",149
1999-09-22,"TRÊS MARIAS",130
1999-09-23,"TRÊS MARIAS",125
1999-09-24,"TRÊS MARIAS",97
1999-09-25,"TRÊS MARIAS",87
1999-09-26,"TRÊS MARIAS",77
1999-09-27,"TRÊS MARIAS",86
1999-09-28,"TRÊS MARIAS",91
1999-09-29,"TRÊS MARIAS",116
1999-09-30,"TRÊS MARIAS",118
1999-10-01,"TRÊS MARIAS",90
1999-10-02,"TRÊS MARIAS",104
1999-10-03,"TRÊS MARIAS",98
1999-10-04,"TRÊS MARIAS",132
1999-10-05,"TRÊS MARIAS",101
1999-10-06,"TRÊS MARIAS",100
1999-10-07,"TRÊS MARIAS",104
1999-10-08,"TRÊS MARIAS",108
1999-10-09,"TRÊS MARIAS",112
1999-10-10,"TRÊS MARIAS",101
1999-10-11,"TRÊS MARIAS",94
1999-10-12,"TRÊS MARIAS",93
1999-10-13,"TRÊS MARIAS",101
1999-10-14,"TRÊS MARIAS",96
1999-10-15,"TRÊS MARIAS",93
1999-10-16,"TRÊS MARIAS",88
1999-10-17,"TRÊS MARIAS",80
1999-10-18,"TRÊS MARIAS",78
1999-10-19,"TRÊS MARIAS",67
1999-10-20,"TRÊS MARIAS",61
1999-10-21,"TRÊS MARIAS",63
1999-10-22,"TRÊS MARIAS",115
1999-10-23,"TRÊS MARIAS",91
1999-10-24,"TRÊS MARIAS",86
1999-10-25,"TRÊS MARIAS",150
1999-10-26,"TRÊS MARIAS",190
1999-10-27,"TRÊS MARIAS",188
1999-10-28,"TRÊS MARIAS",260
1999-10-29,"TRÊS MARIAS",223
1999-10-30,"TRÊS MARIAS",190
1999-10-31,"TRÊS MARIAS",150
1999-11-01,"TRÊS MARIAS",141
1999-11-02,"TRÊS MARIAS",85
1999-11-03,"TRÊS MARIAS",87
1999-11-04,"TRÊS MARIAS",97
1999-11-05,"TRÊS MARIAS",107
1999-11-06,"TRÊS MARIAS",150
1999-11-07,"TRÊS MARIAS",280
1999-11-08,"TRÊS MARIAS",589
1999-11-09,"TRÊS MARIAS",572
1999-11-10,"TRÊS MARIAS",619
1999-11-11,"TRÊS MARIAS",459
1999-11-12,"TRÊS MARIAS",511
1999-11-13,"TRÊS MARIAS",737
1999-11-14,"TRÊS MARIAS",522
1999-11-15,"TRÊS MARIAS",629
1999-11-16,"TRÊS MARIAS",337
1999-11-17,"TRÊS MARIAS",350
1999-11-18,"TRÊS MARIAS",498
1999-11-19,"TRÊS MARIAS",282
1999-11-20,"TRÊS MARIAS",1879
1999-11-21,"TRÊS MARIAS",971
1999-11-22,"TRÊS MARIAS",577
1999-11-23,"TRÊS MARIAS",632
1999-11-24,"TRÊS MARIAS",634
1999-11-25,"TRÊS MARIAS",1968
1999-11-26,"TRÊS MARIAS",745
1999-11-27,"TRÊS MARIAS",1077
1999-11-28,"TRÊS MARIAS",725
1999-11-29,"TRÊS MARIAS",910
1999-11-30,"TRÊS MARIAS",820
1999-12-01,"TRÊS MARIAS",359
1999-12-02,"TRÊS MARIAS",369
1999-12-03,"TRÊS MARIAS",428
1999-12-04,"TRÊS MARIAS",249
1999-12-05,"TRÊS MARIAS",919
1999-12-06,"TRÊS MARIAS",552
1999-12-07,"TRÊS MARIAS",416
1999-12-08,"TRÊS MARIAS",1023
1999-12-09,"TRÊS MARIAS",723
1999-12-10,"TRÊS MARIAS",606
1999-12-11,"TRÊS MARIAS",828
1999-12-12,"TRÊS MARIAS",665
1999-12-13,"TRÊS MARIAS",1040
1999-12-14,"TRÊS MARIAS",1040
1999-12-15,"TRÊS MARIAS",998
1999-12-16,"TRÊS MARIAS",1164
1999-12-17,"TRÊS MARIAS",840
1999-12-18,"TRÊS MARIAS",862
1999-12-19,"TRÊS MARIAS",1037
1999-12-20,"TRÊS MARIAS",612
1999-12-21,"TRÊS MARIAS",397
1999-12-22,"TRÊS MARIAS",430
1999-12-23,"TRÊS MARIAS",951
1999-12-24,"TRÊS MARIAS",1242
1999-12-25,"TRÊS MARIAS",636
1999-12-26,"TRÊS MARIAS",847
1999-12-27,"TRÊS MARIAS",729
1999-12-28,"TRÊS MARIAS",673
1999-12-29,"TRÊS MARIAS",745
1999-12-30,"TRÊS MARIAS",816
1999-12-31,"TRÊS MARIAS",1071
2000-01-01,"TRÊS MARIAS",1514
2000-01-02,"TRÊS MARIAS",998
2000-01-03,"TRÊS MARIAS",1458
2000-01-04,"TRÊS MARIAS",1800
2000-01-05,"TRÊS MARIAS",1581
2000-01-06,"TRÊS MARIAS",1623
2000-01-07,"TRÊS MARIAS",1580
2000-01-08,"TRÊS MARIAS",1382
2000-01-09,"TRÊS MARIAS",1291
2000-01-10,"TRÊS MARIAS",1015
2000-01-11,"TRÊS MARIAS",1016
2000-01-12,"TRÊS MARIAS",884
2000-01-13,"TRÊS MARIAS",814
2000-01-14,"TRÊS MARIAS",705
2000-01-15,"TRÊS MARIAS",682
2000-01-16,"TRÊS MARIAS",596
2000-01-17,"TRÊS MARIAS",619
2000-01-18,"TRÊS MARIAS",649
2000-01-19,"TRÊS MARIAS",739
2000-01-20,"TRÊS MARIAS",1031
2000-01-21,"TRÊS MARIAS",1014
2000-01-22,"TRÊS MARIAS",844
2000-01-23,"TRÊS MARIAS",786
2000-01-24,"TRÊS MARIAS",968
2000-01-25,"TRÊS MARIAS",618
2000-01-26,"TRÊS MARIAS",618
2000-01-27,"TRÊS MARIAS",887
2000-01-28,"TRÊS MARIAS",880
2000-01-29,"TRÊS MARIAS",1017
2000-01-30,"TRÊS MARIAS",1714
2000-01-31,"TRÊS MARIAS",1904
2000-02-01,"TRÊS MARIAS",4393
2000-02-02,"TRÊS MARIAS",3358
2000-02-03,"TRÊS MARIAS",3300
2000-02-04,"TRÊS MARIAS",2542
2000-02-05,"TRÊS MARIAS",2246
2000-02-06,"TRÊS MARIAS",1955
2000-02-07,"TRÊS MARIAS",1766
2000-02-08,"TRÊS MARIAS",1853
2000-02-09,"TRÊS MARIAS",3527
2000-02-10,"TRÊS MARIAS",3387
2000-02-11,"TRÊS MARIAS",3133
2000-02-12,"TRÊS MARIAS",2718
2000-02-13,"TRÊS MARIAS",2540
2000-02-14,"TRÊS MARIAS",2174
2000-02-15,"TRÊS MARIAS",1907
2000-02-16,"TRÊS MARIAS",1650
2000-02-17,"TRÊS MARIAS",1836
2000-02-18,"TRÊS MARIAS",1715
2000-02-19,"TRÊS MARIAS",1637
2000-02-20,"TRÊS MARIAS",1648
2000-02-21,"TRÊS MARIAS",1457
2000-02-22,"TRÊS MARIAS",1456
2000-02-23,"TRÊS MARIAS",1260
2000-02-24,"TRÊS MARIAS",1174
2000-02-25,"TRÊS MARIAS",1085
2000-02-26,"TRÊS MARIAS",1176
2000-02-27,"TRÊS MARIAS",1129
2000-02-28,"TRÊS MARIAS",976
2000-02-29,"TRÊS MARIAS",1170
2000-03-01,"TRÊS MARIAS",984
2000-03-02,"TRÊS MARIAS",893
2000-03-03,"TRÊS MARIAS",1080
2000-03-04,"TRÊS MARIAS",890
2000-03-05,"TRÊS MARIAS",688
2000-03-06,"TRÊS MARIAS",691
2000-03-07,"TRÊS MARIAS",599
2000-03-08,"TRÊS MARIAS",705
2000-03-09,"TRÊS MARIAS",1176
2000-03-10,"TRÊS MARIAS",1171
2000-03-11,"TRÊS MARIAS",3175
2000-03-12,"TRÊS MARIAS",1922
2000-03-13,"TRÊS MARIAS",2070
2000-03-14,"TRÊS MARIAS",1652
2000-03-15,"TRÊS MARIAS",1797
2000-03-16,"TRÊS MARIAS",2237
2000-03-17,"TRÊS MARIAS",2237
2000-03-18,"TRÊS MARIAS",2002
2000-03-19,"TRÊS MARIAS",1930
2000-03-20,"TRÊS MARIAS",1847
2000-03-21,"TRÊS MARIAS",1556
2000-03-22,"TRÊS MARIAS",1671
2000-03-23,"TRÊS MARIAS",1482
2000-03-24,"TRÊS MARIAS",1582
2000-03-25,"TRÊS MARIAS",1395
2000-03-26,"TRÊS MARIAS",1158
2000-03-27,"TRÊS MARIAS",1179
2000-03-28,"TRÊS MARIAS",1305
2000-03-29,"TRÊS MARIAS",1196
2000-03-30,"TRÊS MARIAS",1176
2000-03-31,"TRÊS MARIAS",1100
2000-04-01,"TRÊS MARIAS",914
2000-04-02,"TRÊS MARIAS",904
2000-04-03,"TRÊS MARIAS",1009
2000-04-04,"TRÊS MARIAS",689
2000-04-05,"TRÊS MARIAS",776
2000-04-06,"TRÊS MARIAS",682
2000-04-07,"TRÊS MARIAS",665
2000-04-08,"TRÊS MARIAS",636
2000-04-09,"TRÊS MARIAS",605
2000-04-10,"TRÊS MARIAS",857
2000-04-11,"TRÊS MARIAS",702
2000-04-12,"TRÊS MARIAS",673
2000-04-13,"TRÊS MARIAS",574
2000-04-14,"TRÊS MARIAS",819
2000-04-15,"TRÊS MARIAS",591
2000-04-16,"TRÊS MARIAS",734
2000-04-17,"TRÊS MARIAS",559
2000-04-18,"TRÊS MARIAS",673
2000-04-19,"TRÊS MARIAS",588
2000-04-20,"TRÊS MARIAS",601
2000-04-21,"TRÊS MARIAS",675
2000-04-22,"TRÊS MARIAS",679
2000-04-23,"TRÊS MARIAS",651
2000-04-24,"TRÊS MARIAS",590
2000-04-25,"TRÊS MARIAS",573
2000-04-26,"TRÊS MARIAS",519
2000-04-27,"TRÊS MARIAS",489
2000-04-28,"TRÊS MARIAS",484
2000-04-29,"TRÊS MARIAS",504
2000-04-30,"TRÊS MARIAS",501
2000-05-01,"TRÊS MARIAS",492
2000-05-02,"TRÊS MARIAS",484
2000-05-03,"TRÊS MARIAS",456
2000-05-04,"TRÊS MARIAS",455
2000-05-05,"TRÊS MARIAS",438
2000-05-06,"TRÊS MARIAS",433
2000-05-07,"TRÊS MARIAS",425
2000-05-08,"TRÊS MARIAS",417
2000-05-09,"TRÊS MARIAS",411
2000-05-10,"TRÊS MARIAS",410
2000-05-11,"TRÊS MARIAS",412
2000-05-12,"TRÊS MARIAS",401
2000-05-13,"TRÊS MARIAS",402
2000-05-14,"TRÊS MARIAS",382
2000-05-15,"TRÊS MARIAS",384
2000-05-16,"TRÊS MARIAS",389
2000-05-17,"TRÊS MARIAS",389
2000-05-18,"TRÊS MARIAS",388
2000-05-19,"TRÊS MARIAS",385
2000-05-20,"TRÊS MARIAS",370
2000-05-21,"TRÊS MARIAS",369
2000-05-22,"TRÊS MARIAS",364
2000-05-23,"TRÊS MARIAS",359
2000-05-24,"TRÊS MARIAS",347
2000-05-25,"TRÊS MARIAS",351
2000-05-26,"TRÊS MARIAS",335
2000-05-27,"TRÊS MARIAS",362
2000-05-28,"TRÊS MARIAS",351
2000-05-29,"TRÊS MARIAS",328
2000-05-30,"TRÊS MARIAS",318
2000-05-31,"TRÊS MARIAS",303
2000-06-01,"TRÊS MARIAS",338
2000-06-02,"TRÊS MARIAS",341
2000-06-03,"TRÊS MARIAS",335
2000-06-04,"TRÊS MARIAS",326
2000-06-05,"TRÊS MARIAS",312
2000-06-06,"TRÊS MARIAS",311
2000-06-07,"TRÊS MARIAS",300
2000-06-08,"TRÊS MARIAS",303
2000-06-09,"TRÊS MARIAS",303
2000-06-10,"TRÊS MARIAS",308
2000-06-11,"TRÊS MARIAS",318
2000-06-12,"TRÊS MARIAS",298
2000-06-13,"TRÊS MARIAS",312
2000-06-14,"TRÊS MARIAS",292
2000-06-15,"TRÊS MARIAS",285
2000-06-16,"TRÊS MARIAS",275
2000-06-17,"TRÊS MARIAS",266
2000-06-18,"TRÊS MARIAS",253
2000-06-19,"TRÊS MARIAS",263
2000-06-20,"TRÊS MARIAS",253
2000-06-21,"TRÊS MARIAS",260
2000-06-22,"TRÊS MARIAS",252
2000-06-23,"TRÊS MARIAS",251
2000-06-24,"TRÊS MARIAS",240
2000-06-25,"TRÊS MARIAS",236
2000-06-26,"TRÊS MARIAS",234
2000-06-27,"TRÊS MARIAS",236
2000-06-28,"TRÊS MARIAS",227
2000-06-29,"TRÊS MARIAS",232
2000-06-30,"TRÊS MARIAS",229
2000-07-01,"TRÊS MARIAS",225
2000-07-02,"TRÊS MARIAS",232
2000-07-03,"TRÊS MARIAS",229
2000-07-04,"TRÊS MARIAS",222
2000-07-05,"TRÊS MARIAS",217
2000-07-06,"TRÊS MARIAS",227
2000-07-07,"TRÊS MARIAS",220
2000-07-08,"TRÊS MARIAS",220
2000-07-09,"TRÊS MARIAS",210
2000-07-10,"TRÊS MARIAS",212
2000-07-11,"TRÊS MARIAS",210
2000-07-12,"TRÊS MARIAS",206
2000-07-13,"TRÊS MARIAS",204
2000-07-14,"TRÊS MARIAS",203
2000-07-15,"TRÊS MARIAS",202
2000-07-16,"TRÊS MARIAS",200
2000-07-17,"TRÊS MARIAS",199
2000-07-18,"TRÊS MARIAS",197
2000-07-19,"TRÊS MARIAS",196
2000-07-20,"TRÊS MARIAS",195
2000-07-21,"TRÊS MARIAS",193
2000-07-22,"TRÊS MARIAS",191
2000-07-23,"TRÊS MARIAS",192
2000-07-24,"TRÊS MARIAS",191
2000-07-25,"TRÊS MARIAS",185
2000-07-26,"TRÊS MARIAS",180
2000-07-27,"TRÊS MARIAS",175
2000-07-28,"TRÊS MARIAS",181
2000-07-29,"TRÊS MARIAS",179
2000-07-30,"TRÊS MARIAS",185
2000-07-31,"TRÊS MARIAS",179
2000-08-01,"TRÊS MARIAS",176
2000-08-02,"TRÊS MARIAS",182
2000-08-03,"TRÊS MARIAS",181
2000-08-04,"TRÊS MARIAS",180
2000-08-05,"TRÊS MARIAS",178
2000-08-06,"TRÊS MARIAS",179
2000-08-07,"TRÊS MARIAS",170
2000-08-08,"TRÊS MARIAS",173
2000-08-09,"TRÊS MARIAS",169
2000-08-10,"TRÊS MARIAS",165
2000-08-11,"TRÊS MARIAS",161
2000-08-12,"TRÊS MARIAS",158
2000-08-13,"TRÊS MARIAS",142
2000-08-14,"TRÊS MARIAS",140
2000-08-15,"TRÊS MARIAS",136
2000-08-16,"TRÊS MARIAS",125
2000-08-17,"TRÊS MARIAS",122
2000-08-18,"TRÊS MARIAS",125
2000-08-19,"TRÊS MARIAS",123
2000-08-20,"TRÊS MARIAS",125
2000-08-21,"TRÊS MARIAS",121
2000-08-22,"TRÊS MARIAS",125
2000-08-23,"TRÊS MARIAS",121
2000-08-24,"TRÊS MARIAS",124
2000-08-25,"TRÊS MARIAS",121
2000-08-26,"TRÊS MARIAS",119
2000-08-27,"TRÊS MARIAS",118
2000-08-28,"TRÊS MARIAS",120
2000-08-29,"TRÊS MARIAS",121
2000-08-30,"TRÊS MARIAS",122
2000-08-31,"TRÊS MARIAS",123
2000-09-01,"TRÊS MARIAS",119
2000-09-02,"TRÊS MARIAS",339
2000-09-03,"TRÊS MARIAS",282
2000-09-04,"TRÊS MARIAS",371
2000-09-05,"TRÊS MARIAS",256
2000-09-06,"TRÊS MARIAS",495
2000-09-07,"TRÊS MARIAS",412
2000-09-08,"TRÊS MARIAS",208
2000-09-09,"TRÊS MARIAS",309
2000-09-10,"TRÊS MARIAS",221
2000-09-11,"TRÊS MARIAS",231
2000-09-12,"TRÊS MARIAS",232
2000-09-13,"TRÊS MARIAS",230
2000-09-14,"TRÊS MARIAS",236
2000-09-15,"TRÊS MARIAS",220
2000-09-16,"TRÊS MARIAS",233
2000-09-17,"TRÊS MARIAS",226
2000-09-18,"TRÊS MARIAS",201
2000-09-19,"TRÊS MARIAS",202
2000-09-20,"TRÊS MARIAS",185
2000-09-21,"TRÊS MARIAS",191
2000-09-22,"TRÊS MARIAS",180
2000-09-23,"TRÊS MARIAS",178
2000-09-24,"TRÊS MARIAS",167
2000-09-25,"TRÊS MARIAS",159
2000-09-26,"TRÊS MARIAS",142
2000-09-27,"TRÊS MARIAS",130
2000-09-28,"TRÊS MARIAS",125
2000-09-29,"TRÊS MARIAS",116
2000-09-30,"TRÊS MARIAS",103
2000-10-01,"TRÊS MARIAS",143
2000-10-02,"TRÊS MARIAS",119
2000-10-03,"TRÊS MARIAS",132
2000-10-04,"TRÊS MARIAS",132
2000-10-05,"TRÊS MARIAS",132
2000-10-06,"TRÊS MARIAS",127
2000-10-07,"TRÊS MARIAS",142
2000-10-08,"TRÊS MARIAS",134
2000-10-09,"TRÊS MARIAS",112
2000-10-10,"TRÊS MARIAS",103
2000-10-11,"TRÊS MARIAS",101
2000-10-12,"TRÊS MARIAS",98
2000-10-13,"TRÊS MARIAS",92
2000-10-14,"TRÊS MARIAS",90
2000-10-15,"TRÊS MARIAS",104
2000-10-16,"TRÊS MARIAS",96
2000-10-17,"TRÊS MARIAS",92
2000-10-18,"TRÊS MARIAS",94
2000-10-19,"TRÊS MARIAS",92
2000-10-20,"TRÊS MARIAS",88
2000-10-21,"TRÊS MARIAS",70
2000-10-22,"TRÊS MARIAS",66
2000-10-23,"TRÊS MARIAS",70
2000-10-24,"TRÊS MARIAS",65
2000-10-25,"TRÊS MARIAS",70
2000-10-26,"TRÊS MARIAS",65
2000-10-27,"TRÊS MARIAS",72
2000-10-28,"TRÊS MARIAS",71
2000-10-29,"TRÊS MARIAS",85
2000-10-30,"TRÊS MARIAS",93
2000-10-31,"TRÊS MARIAS",101
2000-11-01,"TRÊS MARIAS",92
2000-11-02,"TRÊS MARIAS",94
2000-11-03,"TRÊS MARIAS",169
2000-11-04,"TRÊS MARIAS",311
2000-11-05,"TRÊS MARIAS",461
2000-11-06,"TRÊS MARIAS",567
2000-11-07,"TRÊS MARIAS",576
2000-11-08,"TRÊS MARIAS",490
2000-11-09,"TRÊS MARIAS",439
2000-11-10,"TRÊS MARIAS",401
2000-11-11,"TRÊS MARIAS",422
2000-11-12,"TRÊS MARIAS",437
2000-11-13,"TRÊS MARIAS",614
2000-11-14,"TRÊS MARIAS",814
2000-11-15,"TRÊS MARIAS",1097
2000-11-16,"TRÊS MARIAS",883
2000-11-17,"TRÊS MARIAS",958
2000-11-18,"TRÊS MARIAS",900
2000-11-19,"TRÊS MARIAS",1055
2000-11-20,"TRÊS MARIAS",731
2000-11-21,"TRÊS MARIAS",600
2000-11-22,"TRÊS MARIAS",585
2000-11-23,"TRÊS MARIAS",517
2000-11-24,"TRÊS MARIAS",588
2000-11-25,"TRÊS MARIAS",459
2000-11-26,"TRÊS MARIAS",587
2000-11-27,"TRÊS MARIAS",713
2000-11-28,"TRÊS MARIAS",537
2000-11-29,"TRÊS MARIAS",397
2000-11-30,"TRÊS MARIAS",575
2000-12-01,"TRÊS MARIAS",1087
2000-12-02,"TRÊS MARIAS",959
2000-12-03,"TRÊS MARIAS",931
2000-12-04,"TRÊS MARIAS",856
2000-12-05,"TRÊS MARIAS",869
2000-12-06,"TRÊS MARIAS",1137
2000-12-07,"TRÊS MARIAS",916
2000-12-08,"TRÊS MARIAS",779
2000-12-09,"TRÊS MARIAS",595
2000-12-10,"TRÊS MARIAS",577
2000-12-11,"TRÊS MARIAS",497
2000-12-12,"TRÊS MARIAS",511
2000-12-13,"TRÊS MARIAS",405
2000-12-14,"TRÊS MARIAS",640
2000-12-15,"TRÊS MARIAS",646
2000-12-16,"TRÊS MARIAS",600
2000-12-17,"TRÊS MARIAS",848
2000-12-18,"TRÊS MARIAS",2123
2000-12-19,"TRÊS MARIAS",1122
2000-12-20,"TRÊS MARIAS",1266
2000-12-21,"TRÊS MARIAS",1314
2000-12-22,"TRÊS MARIAS",1266
2000-12-23,"TRÊS MARIAS",1601
2000-12-24,"TRÊS MARIAS",1049
2000-12-25,"TRÊS MARIAS",975
2000-12-26,"TRÊS MARIAS",745
2000-12-27,"TRÊS MARIAS",754
2000-12-28,"TRÊS MARIAS",713
2000-12-29,"TRÊS MARIAS",706
2000-12-30,"TRÊS MARIAS",784
2000-12-31,"TRÊS MARIAS",810
2001-01-01,"TRÊS MARIAS",841
2001-01-02,"TRÊS MARIAS",1117
2001-01-03,"TRÊS MARIAS",1337
2001-01-04,"TRÊS MARIAS",1521
2001-01-05,"TRÊS MARIAS",1505
2001-01-06,"TRÊS MARIAS",1402
2001-01-07,"TRÊS MARIAS",1269
2001-01-08,"TRÊS MARIAS",1046
2001-01-09,"TRÊS MARIAS",834
2001-01-10,"TRÊS MARIAS",699
2001-01-11,"TRÊS MARIAS",617
2001-01-12,"TRÊS MARIAS",629
2001-01-13,"TRÊS MARIAS",645
2001-01-14,"TRÊS MARIAS",582
2001-01-15,"TRÊS MARIAS",525
2001-01-16,"TRÊS MARIAS",487
2001-01-17,"TRÊS MARIAS",457
2001-01-18,"TRÊS MARIAS",420
2001-01-19,"TRÊS MARIAS",441
2001-01-20,"TRÊS MARIAS",436
2001-01-21,"TRÊS MARIAS",421
2001-01-22,"TRÊS MARIAS",426
2001-01-23,"TRÊS MARIAS",515
2001-01-24,"TRÊS MARIAS",592
2001-01-25,"TRÊS MARIAS",980
2001-01-26,"TRÊS MARIAS",604
2001-01-27,"TRÊS MARIAS",530
2001-01-28,"TRÊS MARIAS",520
2001-01-29,"TRÊS MARIAS",497
2001-01-30,"TRÊS MARIAS",464
2001-01-31,"TRÊS MARIAS",462
2001-02-01,"TRÊS MARIAS",457
2001-02-02,"TRÊS MARIAS",444
2001-02-03,"TRÊS MARIAS",410
2001-02-04,"TRÊS MARIAS",388
2001-02-05,"TRÊS MARIAS",386
2001-02-06,"TRÊS MARIAS",375
2001-02-07,"TRÊS MARIAS",357
2001-02-08,"TRÊS MARIAS",341
2001-02-09,"TRÊS MARIAS",353
2001-02-10,"TRÊS MARIAS",333
2001-02-11,"TRÊS MARIAS",340
2001-02-12,"TRÊS MARIAS",355
2001-02-13,"TRÊS MARIAS",390
2001-02-14,"TRÊS MARIAS",353
2001-02-15,"TRÊS MARIAS",347
2001-02-16,"TRÊS MARIAS",340
2001-02-17,"TRÊS MARIAS",365
2001-02-18,"TRÊS MARIAS",301
2001-02-19,"TRÊS MARIAS",276
2001-02-20,"TRÊS MARIAS",244
2001-02-21,"TRÊS MARIAS",225
2001-02-22,"TRÊS MARIAS",218
2001-02-23,"TRÊS MARIAS",209
2001-02-24,"TRÊS MARIAS",201
2001-02-25,"TRÊS MARIAS",190
2001-02-26,"TRÊS MARIAS",194
2001-02-27,"TRÊS MARIAS",185
2001-02-28,"TRÊS MARIAS",190
2001-03-01,"TRÊS MARIAS",189
2001-03-02,"TRÊS MARIAS",207
2001-03-03,"TRÊS MARIAS",216
2001-03-04,"TRÊS MARIAS",233
2001-03-05,"TRÊS MARIAS",298
2001-03-06,"TRÊS MARIAS",371
2001-03-07,"TRÊS MARIAS",341
2001-03-08,"TRÊS MARIAS",378
2001-03-09,"TRÊS MARIAS",394
2001-03-10,"TRÊS MARIAS",511
2001-03-11,"TRÊS MARIAS",1828
2001-03-12,"TRÊS MARIAS",1033
2001-03-13,"TRÊS MARIAS",780
2001-03-14,"TRÊS MARIAS",706
2001-03-15,"TRÊS MARIAS",772
2001-03-16,"TRÊS MARIAS",624
2001-03-17,"TRÊS MARIAS",556
2001-03-18,"TRÊS MARIAS",462
2001-03-19,"TRÊS MARIAS",402
2001-03-20,"TRÊS MARIAS",329
2001-03-21,"TRÊS MARIAS",329
2001-03-22,"TRÊS MARIAS",247
2001-03-23,"TRÊS MARIAS",293
2001-03-24,"TRÊS MARIAS",274
2001-03-25,"TRÊS MARIAS",231
2001-03-26,"TRÊS MARIAS",215
2001-03-27,"TRÊS MARIAS",193
2001-03-28,"TRÊS MARIAS",200
2001-03-29,"TRÊS MARIAS",229
2001-03-30,"TRÊS MARIAS",232
2001-03-31,"TRÊS MARIAS",279
2001-04-01,"TRÊS MARIAS",326
2001-04-02,"TRÊS MARIAS",339
2001-04-03,"TRÊS MARIAS",408
2001-04-04,"TRÊS MARIAS",365
2001-04-05,"TRÊS MARIAS",295
2001-04-06,"TRÊS MARIAS",272
2001-04-07,"TRÊS MARIAS",239
2001-04-08,"TRÊS MARIAS",236
2001-04-09,"TRÊS MARIAS",224
2001-04-10,"TRÊS MARIAS",204
2001-04-11,"TRÊS MARIAS",196
2001-04-12,"TRÊS MARIAS",191
2001-04-13,"TRÊS MARIAS",189
2001-04-14,"TRÊS MARIAS",187
2001-04-15,"TRÊS MARIAS",170
2001-04-16,"TRÊS MARIAS",160
2001-04-17,"TRÊS MARIAS",145
2001-04-18,"TRÊS MARIAS",140
2001-04-19,"TRÊS MARIAS",145
2001-04-20,"TRÊS MARIAS",141
2001-04-21,"TRÊS MARIAS",142
2001-04-22,"TRÊS MARIAS",134
2001-04-23,"TRÊS MARIAS",131
2001-04-24,"TRÊS MARIAS",123
2001-04-25,"TRÊS MARIAS",121
2001-04-26,"TRÊS MARIAS",121
2001-04-27,"TRÊS MARIAS",119
2001-04-28,"TRÊS MARIAS",111
2001-04-29,"TRÊS MARIAS",109
2001-04-30,"TRÊS MARIAS",105
2001-05-01,"TRÊS MARIAS",108
2001-05-02,"TRÊS MARIAS",109
2001-05-03,"TRÊS MARIAS",107
2001-05-04,"TRÊS MARIAS",109
2001-05-05,"TRÊS MARIAS",108
2001-05-06,"TRÊS MARIAS",108
2001-05-07,"TRÊS MARIAS",102
2001-05-08,"TRÊS MARIAS",102
2001-05-09,"TRÊS MARIAS",107
2001-05-10,"TRÊS MARIAS",111
2001-05-11,"TRÊS MARIAS",101
2001-05-12,"TRÊS MARIAS",112
2001-05-13,"TRÊS MARIAS",117
2001-05-14,"TRÊS MARIAS",127
2001-05-15,"TRÊS MARIAS",120
2001-05-16,"TRÊS MARIAS",142
2001-05-17,"TRÊS MARIAS",132
2001-05-18,"TRÊS MARIAS",201
2001-05-19,"TRÊS MARIAS",211
2001-05-20,"TRÊS MARIAS",196
2001-05-21,"TRÊS MARIAS",154
2001-05-22,"TRÊS MARIAS",144
2001-05-23,"TRÊS MARIAS",143
2001-05-24,"TRÊS MARIAS",165
2001-05-25,"TRÊS MARIAS",149
2001-05-26,"TRÊS MARIAS",142
2001-05-27,"TRÊS MARIAS",152
2001-05-28,"TRÊS MARIAS",159
2001-05-29,"TRÊS MARIAS",149
2001-05-30,"TRÊS MARIAS",145
2001-05-31,"TRÊS MARIAS",143
2001-06-01,"TRÊS MARIAS",141
2001-06-02,"TRÊS MARIAS",141
2001-06-03,"TRÊS MARIAS",138
2001-06-04,"TRÊS MARIAS",136
2001-06-05,"TRÊS MARIAS",135
2001-06-06,"TRÊS MARIAS",132
2001-06-07,"TRÊS MARIAS",135
2001-06-08,"TRÊS MARIAS",130
2001-06-09,"TRÊS MARIAS",126
2001-06-10,"TRÊS MARIAS",123
2001-06-11,"TRÊS MARIAS",118
2001-06-12,"TRÊS MARIAS",115
2001-06-13,"TRÊS MARIAS",119
2001-06-14,"TRÊS MARIAS",115
2001-06-15,"TRÊS MARIAS",118
2001-06-16,"TRÊS MARIAS",114
2001-06-17,"TRÊS MARIAS",112
2001-06-18,"TRÊS MARIAS",109
2001-06-19,"TRÊS MARIAS",105
2001-06-20,"TRÊS MARIAS",112
2001-06-21,"TRÊS MARIAS",109
2001-06-22,"TRÊS MARIAS",107
2001-06-23,"TRÊS MARIAS",102
2001-06-24,"TRÊS MARIAS",103
2001-06-25,"TRÊS MARIAS",102
2001-06-26,"TRÊS MARIAS",100
2001-06-27,"TRÊS MARIAS",101
2001-06-28,"TRÊS MARIAS",100
2001-06-29,"TRÊS MARIAS",101
2001-06-30,"TRÊS MARIAS",100
2001-07-01,"TRÊS MARIAS",99
2001-07-02,"TRÊS MARIAS",99
2001-07-03,"TRÊS MARIAS",99
2001-07-04,"TRÊS MARIAS",100
2001-07-05,"TRÊS MARIAS",100
2001-07-06,"TRÊS MARIAS",99
2001-07-07,"TRÊS MARIAS",99
2001-07-08,"TRÊS MARIAS",100
2001-07-09,"TRÊS MARIAS",99
2001-07-10,"TRÊS MARIAS",100
2001-07-11,"TRÊS MARIAS",100
2001-07-12,"TRÊS MARIAS",99
2001-07-13,"TRÊS MARIAS",100
2001-07-14,"TRÊS MARIAS",99
2001-07-15,"TRÊS MARIAS",100
2001-07-16,"TRÊS MARIAS",100
2001-07-17,"TRÊS MARIAS",100
2001-07-18,"TRÊS MARIAS",100
2001-07-19,"TRÊS MARIAS",101
2001-07-20,"TRÊS MARIAS",99
2001-07-21,"TRÊS MARIAS",98
2001-07-22,"TRÊS MARIAS",100
2001-07-23,"TRÊS MARIAS",101
2001-07-24,"TRÊS MARIAS",101
2001-07-25,"TRÊS MARIAS",100
2001-07-26,"TRÊS MARIAS",101
2001-07-27,"TRÊS MARIAS",99
2001-07-28,"TRÊS MARIAS",101
2001-07-29,"TRÊS MARIAS",99
2001-07-30,"TRÊS MARIAS",101
2001-07-31,"TRÊS MARIAS",94
2001-08-01,"TRÊS MARIAS",97
2001-08-02,"TRÊS MARIAS",92
2001-08-03,"TRÊS MARIAS",90
2001-08-04,"TRÊS MARIAS",88
2001-08-05,"TRÊS MARIAS",90
2001-08-06,"TRÊS MARIAS",89
2001-08-07,"TRÊS MARIAS",86
2001-08-08,"TRÊS MARIAS",84
2001-08-09,"TRÊS MARIAS",77
2001-08-10,"TRÊS MARIAS",74
2001-08-11,"TRÊS MARIAS",73
2001-08-12,"TRÊS MARIAS",70
2001-08-13,"TRÊS MARIAS",70
2001-08-14,"TRÊS MARIAS",72
2001-08-15,"TRÊS MARIAS",71
2001-08-16,"TRÊS MARIAS",71
2001-08-17,"TRÊS MARIAS",70
2001-08-18,"TRÊS MARIAS",69
2001-08-19,"TRÊS MARIAS",70
2001-08-20,"TRÊS MARIAS",70
2001-08-21,"TRÊS MARIAS",70
2001-08-22,"TRÊS MARIAS",74
2001-08-23,"TRÊS MARIAS",73
2001-08-24,"TRÊS MARIAS",83
2001-08-25,"TRÊS MARIAS",87
2001-08-26,"TRÊS MARIAS",99
2001-08-27,"TRÊS MARIAS",111
2001-08-28,"TRÊS MARIAS",135
2001-08-29,"TRÊS MARIAS",115
2001-08-30,"TRÊS MARIAS",110
2001-08-31,"TRÊS MARIAS",118
2001-09-01,"TRÊS MARIAS",110
2001-09-02,"TRÊS MARIAS",127
2001-09-03,"TRÊS MARIAS",123
2001-09-04,"TRÊS MARIAS",118
2001-09-05,"TRÊS MARIAS",116
2001-09-06,"TRÊS MARIAS",108
2001-09-07,"TRÊS MARIAS",98
2001-09-08,"TRÊS MARIAS",99
2001-09-09,"TRÊS MARIAS",90
2001-09-10,"TRÊS MARIAS",95
2001-09-11,"TRÊS MARIAS",99
2001-09-12,"TRÊS MARIAS",88
2001-09-13,"TRÊS MARIAS",89
2001-09-14,"TRÊS MARIAS",125
2001-09-15,"TRÊS MARIAS",149
2001-09-16,"TRÊS MARIAS",139
2001-09-17,"TRÊS MARIAS",132
2001-09-18,"TRÊS MARIAS",120
2001-09-19,"TRÊS MARIAS",115
2001-09-20,"TRÊS MARIAS",115
2001-09-21,"TRÊS MARIAS",105
2001-09-22,"TRÊS MARIAS",102
2001-09-23,"TRÊS MARIAS",94
2001-09-24,"TRÊS MARIAS",90
2001-09-25,"TRÊS MARIAS",87
2001-09-26,"TRÊS MARIAS",106
2001-09-27,"TRÊS MARIAS",92
2001-09-28,"TRÊS MARIAS",78
2001-09-29,"TRÊS MARIAS",82
2001-09-30,"TRÊS MARIAS",98
2001-10-01,"TRÊS MARIAS",108
2001-10-02,"TRÊS MARIAS",250
2001-10-03,"TRÊS MARIAS",297
2001-10-04,"TRÊS MARIAS",163
2001-10-05,"TRÊS MARIAS",197
2001-10-06,"TRÊS MARIAS",151
2001-10-07,"TRÊS MARIAS",150
2001-10-08,"TRÊS MARIAS",369
2001-10-09,"TRÊS MARIAS",592
2001-10-10,"TRÊS MARIAS",369
2001-10-11,"TRÊS MARIAS",262
2001-10-12,"TRÊS MARIAS",228
2001-10-13,"TRÊS MARIAS",213
2001-10-14,"TRÊS MARIAS",210
2001-10-15,"TRÊS MARIAS",193
2001-10-16,"TRÊS MARIAS",180
2001-10-17,"TRÊS MARIAS",176
2001-10-18,"TRÊS MARIAS",156
2001-10-19,"TRÊS MARIAS",163
2001-10-20,"TRÊS MARIAS",185
2001-10-21,"TRÊS MARIAS",149
2001-10-22,"TRÊS MARIAS",143
2001-10-23,"TRÊS MARIAS",140
2001-10-24,"TRÊS MARIAS",142
2001-10-25,"TRÊS MARIAS",128
2001-10-26,"TRÊS MARIAS",117
2001-10-27,"TRÊS MARIAS",106
2001-10-28,"TRÊS MARIAS",104
2001-10-29,"TRÊS MARIAS",17
2001-10-30,"TRÊS MARIAS",105
2001-10-31,"TRÊS MARIAS",303
2001-11-01,"TRÊS MARIAS",109
2001-11-02,"TRÊS MARIAS",109
2001-11-03,"TRÊS MARIAS",210
2001-11-04,"TRÊS MARIAS",203
2001-11-05,"TRÊS MARIAS",362
2001-11-06,"TRÊS MARIAS",211
2001-11-07,"TRÊS MARIAS",258
2001-11-08,"TRÊS MARIAS",300
2001-11-09,"TRÊS MARIAS",248
2001-11-10,"TRÊS MARIAS",259
2001-11-11,"TRÊS MARIAS",257
2001-11-12,"TRÊS MARIAS",310
2001-11-13,"TRÊS MARIAS",376
2001-11-14,"TRÊS MARIAS",624
2001-11-15,"TRÊS MARIAS",498
2001-11-16,"TRÊS MARIAS",503
2001-11-17,"TRÊS MARIAS",702
2001-11-18,"TRÊS MARIAS",1004
2001-11-19,"TRÊS MARIAS",756
2001-11-20,"TRÊS MARIAS",799
2001-11-21,"TRÊS MARIAS",901
2001-11-22,"TRÊS MARIAS",553
2001-11-23,"TRÊS MARIAS",503
2001-11-24,"TRÊS MARIAS",450
2001-11-25,"TRÊS MARIAS",406
2001-11-26,"TRÊS MARIAS",352
2001-11-27,"TRÊS MARIAS",307
2001-11-28,"TRÊS MARIAS",264
2001-11-29,"TRÊS MARIAS",457
2001-11-30,"TRÊS MARIAS",556
2001-12-01,"TRÊS MARIAS",697
2001-12-02,"TRÊS MARIAS",501
2001-12-03,"TRÊS MARIAS",450
2001-12-04,"TRÊS MARIAS",505
2001-12-05,"TRÊS MARIAS",448
2001-12-06,"TRÊS MARIAS",508
2001-12-07,"TRÊS MARIAS",358
2001-12-08,"TRÊS MARIAS",298
2001-12-09,"TRÊS MARIAS",270
2001-12-10,"TRÊS MARIAS",260
2001-12-11,"TRÊS MARIAS",223
2001-12-12,"TRÊS MARIAS",263
2001-12-13,"TRÊS MARIAS",210
2001-12-14,"TRÊS MARIAS",261
2001-12-15,"TRÊS MARIAS",210
2001-12-16,"TRÊS MARIAS",313
2001-12-17,"TRÊS MARIAS",626
2001-12-18,"TRÊS MARIAS",906
2001-12-19,"TRÊS MARIAS",1584
2001-12-20,"TRÊS MARIAS",1762
2001-12-21,"TRÊS MARIAS",1368
2001-12-22,"TRÊS MARIAS",1015
2001-12-23,"TRÊS MARIAS",1087
2001-12-24,"TRÊS MARIAS",1142
2001-12-25,"TRÊS MARIAS",1092
2001-12-26,"TRÊS MARIAS",1294
2001-12-27,"TRÊS MARIAS",910
2001-12-28,"TRÊS MARIAS",910
2001-12-29,"TRÊS MARIAS",1093
2001-12-30,"TRÊS MARIAS",2036
2001-12-31,"TRÊS MARIAS",1826
2002-01-01,"TRÊS MARIAS",1942.83
2002-01-02,"TRÊS MARIAS",2104.8
2002-01-03,"TRÊS MARIAS",1780.89
2002-01-04,"TRÊS MARIAS",1491.54
2002-01-05,"TRÊS MARIAS",1315.93
2002-01-06,"TRÊS MARIAS",1148.57
2002-01-07,"TRÊS MARIAS",1049.72
2002-01-08,"TRÊS MARIAS",1265.11
2002-01-09,"TRÊS MARIAS",929.46
2002-01-10,"TRÊS MARIAS",799.83
2002-01-11,"TRÊS MARIAS",733.02
2002-01-12,"TRÊS MARIAS",637.89
2002-01-13,"TRÊS MARIAS",859.96
2002-01-14,"TRÊS MARIAS",397
2002-01-15,"TRÊS MARIAS",529.94
2002-01-16,"TRÊS MARIAS",592.44
2002-01-17,"TRÊS MARIAS",1391.06
2002-01-18,"TRÊS MARIAS",1916.2
2002-01-19,"TRÊS MARIAS",3891.65
2002-01-20,"TRÊS MARIAS",1936.94
2002-01-21,"TRÊS MARIAS",2166.7
2002-01-22,"TRÊS MARIAS",1620.87
2002-01-23,"TRÊS MARIAS",1273.65
2002-01-24,"TRÊS MARIAS",1063.31
2002-01-25,"TRÊS MARIAS",1002.44
2002-01-26,"TRÊS MARIAS",920.43
2002-01-27,"TRÊS MARIAS",1070.89
2002-01-28,"TRÊS MARIAS",988.87
2002-01-29,"TRÊS MARIAS",1195.2
2002-01-30,"TRÊS MARIAS",1046.06
2002-01-31,"TRÊS MARIAS",1358.24
2002-02-01,"TRÊS MARIAS",1228.98
2002-02-02,"TRÊS MARIAS",1279.97
2002-02-03,"TRÊS MARIAS",1504.59
2002-02-04,"TRÊS MARIAS",1500.39
2002-02-05,"TRÊS MARIAS",1051.31
2002-02-06,"TRÊS MARIAS",1050.31
2002-02-07,"TRÊS MARIAS",1365.13
2002-02-08,"TRÊS MARIAS",1748.73
2002-02-09,"TRÊS MARIAS",1604.83
2002-02-10,"TRÊS MARIAS",1390.67
2002-02-11,"TRÊS MARIAS",2064.05
2002-02-12,"TRÊS MARIAS",1795.78
2002-02-13,"TRÊS MARIAS",1493.8
2002-02-14,"TRÊS MARIAS",1425.09
2002-02-15,"TRÊS MARIAS",1412.15
2002-02-16,"TRÊS MARIAS",1203.36
2002-02-17,"TRÊS MARIAS",1495.8
2002-02-18,"TRÊS MARIAS",1655.57
2002-02-19,"TRÊS MARIAS",3162.52
2002-02-20,"TRÊS MARIAS",3069.24
2002-02-21,"TRÊS MARIAS",2393.63
2002-02-22,"TRÊS MARIAS",2460.76
2002-02-23,"TRÊS MARIAS",2229.59
2002-02-24,"TRÊS MARIAS",2045.41
2002-02-25,"TRÊS MARIAS",2511
2002-02-26,"TRÊS MARIAS",2367.13
2002-02-27,"TRÊS MARIAS",1997.43
2002-02-28,"TRÊS MARIAS",1735.77
2002-03-01,"TRÊS MARIAS",1541.37
2002-03-02,"TRÊS MARIAS",1443.46
2002-03-03,"TRÊS MARIAS",1347.56
2002-03-04,"TRÊS MARIAS",1348.56
2002-03-05,"TRÊS MARIAS",1349.56
2002-03-06,"TRÊS MARIAS",967.98
2002-03-07,"TRÊS MARIAS",1065.2
2002-03-08,"TRÊS MARIAS",1163.74
2002-03-09,"TRÊS MARIAS",883.02
2002-03-10,"TRÊS MARIAS",775.54
2002-03-11,"TRÊS MARIAS",787.11
2002-03-12,"TRÊS MARIAS",677.63
2002-03-13,"TRÊS MARIAS",591.35
2002-03-14,"TRÊS MARIAS",687.57
2002-03-15,"TRÊS MARIAS",679.63
2002-03-16,"TRÊS MARIAS",981.93
2002-03-17,"TRÊS MARIAS",783.17
2002-03-18,"TRÊS MARIAS",686.57
2002-03-19,"TRÊS MARIAS",874.07
2002-03-20,"TRÊS MARIAS",780.48
2002-03-21,"TRÊS MARIAS",973.5
2002-03-22,"TRÊS MARIAS",1064.32
2002-03-23,"TRÊS MARIAS",1166.43
2002-03-24,"TRÊS MARIAS",878.7
2002-03-25,"TRÊS MARIAS",1265.28
2002-03-26,"TRÊS MARIAS",881.33
2002-03-27,"TRÊS MARIAS",884.22
2002-03-28,"TRÊS MARIAS",591.78
2002-03-29,"TRÊS MARIAS",791.11
2002-03-30,"TRÊS MARIAS",591.67
2002-03-31,"TRÊS MARIAS",688.77
2002-04-01,"TRÊS MARIAS",590.78
2002-04-02,"TRÊS MARIAS",589.67
2002-04-03,"TRÊS MARIAS",491.44
2002-04-04,"TRÊS MARIAS",493.33
2002-04-05,"TRÊS MARIAS",494.56
2002-04-06,"TRÊS MARIAS",408.22
2002-04-07,"TRÊS MARIAS",601.67
2002-04-08,"TRÊS MARIAS",310
2002-04-09,"TRÊS MARIAS",300
2002-04-10,"TRÊS MARIAS",497.44
2002-04-11,"TRÊS MARIAS",500.33
2002-04-12,"TRÊS MARIAS",494.56
2002-04-13,"TRÊS MARIAS",498.44
2002-04-14,"TRÊS MARIAS",358
2002-04-15,"TRÊS MARIAS",493.44
2002-04-16,"TRÊS MARIAS",298
2002-04-17,"TRÊS MARIAS",398.22
2002-04-18,"TRÊS MARIAS",398.22
2002-04-19,"TRÊS MARIAS",303
2002-04-20,"TRÊS MARIAS",403.22
2002-04-21,"TRÊS MARIAS",402.11
2002-04-22,"TRÊS MARIAS",303
2002-04-23,"TRÊS MARIAS",405.34
2002-04-24,"TRÊS MARIAS",207.66
2002-04-25,"TRÊS MARIAS",306
2002-04-26,"TRÊS MARIAS",303
2002-04-27,"TRÊS MARIAS",295.89
2002-04-28,"TRÊS MARIAS",307
2002-04-29,"TRÊS MARIAS",210.78
2002-04-30,"TRÊS MARIAS",400
2002-05-01,"TRÊS MARIAS",303.78
2002-05-02,"TRÊS MARIAS",198.44
2002-05-03,"TRÊS MARIAS",401
2002-05-04,"TRÊS MARIAS",301.89
2002-05-05,"TRÊS MARIAS",204.56
2002-05-06,"TRÊS MARIAS",401
2002-05-07,"TRÊS MARIAS",402
2002-05-08,"TRÊS MARIAS",201.44
2002-05-09,"TRÊS MARIAS",399
2002-05-10,"TRÊS MARIAS",302.89
2002-05-11,"TRÊS MARIAS",302.78
2002-05-12,"TRÊS MARIAS",299.78
2002-05-13,"TRÊS MARIAS",295.78
2002-05-14,"TRÊS MARIAS",298.66
2002-05-15,"TRÊS MARIAS",197.67
2002-05-16,"TRÊS MARIAS",296.78
2002-05-17,"TRÊS MARIAS",201.44
2002-05-18,"TRÊS MARIAS",301.89
2002-05-19,"TRÊS MARIAS",397
2002-05-20,"TRÊS MARIAS",182.56
2002-05-21,"TRÊS MARIAS",304
2002-05-22,"TRÊS MARIAS",333
2002-05-23,"TRÊS MARIAS",136.44
2002-05-24,"TRÊS MARIAS",254.89
2002-05-25,"TRÊS MARIAS",204.33
2002-05-26,"TRÊS MARIAS",303.56
2002-05-27,"TRÊS MARIAS",246.78
2002-05-28,"TRÊS MARIAS",140.22
2002-05-29,"TRÊS MARIAS",298.67
2002-05-30,"TRÊS MARIAS",209.22
2002-05-31,"TRÊS MARIAS",219.67
2002-06-01,"TRÊS MARIAS",333
2002-06-02,"TRÊS MARIAS",138.56
2002-06-03,"TRÊS MARIAS",233.66
2002-06-04,"TRÊS MARIAS",213.67
2002-06-05,"TRÊS MARIAS",212.56
2002-06-06,"TRÊS MARIAS",216.56
2002-06-07,"TRÊS MARIAS",218.56
2002-06-08,"TRÊS MARIAS",213.44
2002-06-09,"TRÊS MARIAS",215.67
2002-06-10,"TRÊS MARIAS",150.22
2002-06-11,"TRÊS MARIAS",253.67
2002-06-12,"TRÊS MARIAS",251.56
2002-06-13,"TRÊS MARIAS",270.19
2002-06-14,"TRÊS MARIAS",193.09
2002-06-15,"TRÊS MARIAS",194.09
2002-06-16,"TRÊS MARIAS",196.09
2002-06-17,"TRÊS MARIAS",243.33
2002-06-18,"TRÊS MARIAS",108.83
2002-06-19,"TRÊS MARIAS",324.85
2002-06-20,"TRÊS MARIAS",130.32
2002-06-21,"TRÊS MARIAS",235.37
2002-06-22,"TRÊS MARIAS",119.11
2002-06-23,"TRÊS MARIAS",224.96
2002-06-24,"TRÊS MARIAS",127.94
2002-06-25,"TRÊS MARIAS",313.67
2002-06-26,"TRÊS MARIAS",126.74
2002-06-27,"TRÊS MARIAS",126.94
2002-06-28,"TRÊS MARIAS",229.45
2002-06-29,"TRÊS MARIAS",127.06
2002-06-30,"TRÊS MARIAS",224.85
2002-07-01,"TRÊS MARIAS",120.23
2002-07-02,"TRÊS MARIAS",224.28
2002-07-03,"TRÊS MARIAS",223.85
2002-07-04,"TRÊS MARIAS",117.23
2002-07-05,"TRÊS MARIAS",223.28
2002-07-06,"TRÊS MARIAS",127.74
2002-07-07,"TRÊS MARIAS",89.43
2002-07-08,"TRÊS MARIAS",214.28
2002-07-09,"TRÊS MARIAS",115.43
2002-07-10,"TRÊS MARIAS",116.74
2002-07-11,"TRÊS MARIAS",408.09
2002-07-12,"TRÊS MARIAS",117.74
2002-07-13,"TRÊS MARIAS",116.43
2002-07-14,"TRÊS MARIAS",219.28
2002-07-15,"TRÊS MARIAS",118.43
2002-07-16,"TRÊS MARIAS",208.65
2002-07-17,"TRÊS MARIAS",218.28
2002-07-18,"TRÊS MARIAS",211.65
2002-07-19,"TRÊS MARIAS",116.43
2002-07-20,"TRÊS MARIAS",123.37
2002-07-21,"TRÊS MARIAS",216.28
2002-07-22,"TRÊS MARIAS",20.52
2002-07-23,"TRÊS MARIAS",210.65
2002-07-24,"TRÊS MARIAS",212.28
2002-07-25,"TRÊS MARIAS",211.65
2002-07-26,"TRÊS MARIAS",110.43
2002-07-27,"TRÊS MARIAS",116.37
2002-07-28,"TRÊS MARIAS",119.37
2002-07-29,"TRÊS MARIAS",14.2
2002-07-30,"TRÊS MARIAS",217.96
2002-07-31,"TRÊS MARIAS",115.94
2002-08-01,"TRÊS MARIAS",108.23
2002-08-02,"TRÊS MARIAS",116.37
2002-08-03,"TRÊS MARIAS",116.37
2002-08-04,"TRÊS MARIAS",112.74
2002-08-05,"TRÊS MARIAS",106.15
2002-08-06,"TRÊS MARIAS",111.86
2002-08-07,"TRÊS MARIAS",25.68
2002-08-08,"TRÊS MARIAS",138.46
2002-08-09,"TRÊS MARIAS",147.63
2002-08-10,"TRÊS MARIAS",140.63
2002-08-11,"TRÊS MARIAS",155.91
2002-08-12,"TRÊS MARIAS",130.37
2002-08-13,"TRÊS MARIAS",32.46
2002-08-14,"TRÊS MARIAS",138.63
2002-08-15,"TRÊS MARIAS",131.69
2002-08-16,"TRÊS MARIAS",117.41
2002-08-17,"TRÊS MARIAS",67.19
2002-08-18,"TRÊS MARIAS",82.13
2002-08-19,"TRÊS MARIAS",72.87
2002-08-20,"TRÊS MARIAS",37.63
2002-08-21,"TRÊS MARIAS",20.37
2002-08-22,"TRÊS MARIAS",26.31
2002-08-23,"TRÊS MARIAS",40
2002-08-24,"TRÊS MARIAS",50
2002-08-25,"TRÊS MARIAS",60
2002-08-26,"TRÊS MARIAS",60
2002-08-27,"TRÊS MARIAS",60
2002-08-28,"TRÊS MARIAS",60
2002-08-29,"TRÊS MARIAS",65
2002-08-30,"TRÊS MARIAS",65
2002-08-31,"TRÊS MARIAS",65
2002-09-01,"TRÊS MARIAS",65
2002-09-02,"TRÊS MARIAS",70
2002-09-03,"TRÊS MARIAS",80
2002-09-04,"TRÊS MARIAS",85
2002-09-05,"TRÊS MARIAS",85
2002-09-06,"TRÊS MARIAS",85
2002-09-07,"TRÊS MARIAS",85
2002-09-08,"TRÊS MARIAS",90
2002-09-09,"TRÊS MARIAS",90
2002-09-10,"TRÊS MARIAS",95
2002-09-11,"TRÊS MARIAS",95
2002-09-12,"TRÊS MARIAS",120
2002-09-13,"TRÊS MARIAS",150.33
2002-09-14,"TRÊS MARIAS",108.26
2002-09-15,"TRÊS MARIAS",188.39
2002-09-16,"TRÊS MARIAS",98.2
2002-09-17,"TRÊS MARIAS",107
2002-09-18,"TRÊS MARIAS",100.14
2002-09-19,"TRÊS MARIAS",61.06
2002-09-20,"TRÊS MARIAS",97.89
2002-09-21,"TRÊS MARIAS",88.2
2002-09-22,"TRÊS MARIAS",249.67
2002-09-23,"TRÊS MARIAS",237.06
2002-09-24,"TRÊS MARIAS",281.43
2002-09-25,"TRÊS MARIAS",470
2002-09-26,"TRÊS MARIAS",158.16
2002-09-27,"TRÊS MARIAS",172.39
2002-09-28,"TRÊS MARIAS",20.5
2002-09-29,"TRÊS MARIAS",326.06
2002-09-30,"TRÊS MARIAS",172.28
2002-10-01,"TRÊS MARIAS",189.55
2002-10-02,"TRÊS MARIAS",151.39
2002-10-03,"TRÊS MARIAS",85.77
2002-10-04,"TRÊS MARIAS",43
2002-10-05,"TRÊS MARIAS",120.77
2002-10-06,"TRÊS MARIAS",195.39
2002-10-07,"TRÊS MARIAS",40.5
2002-10-08,"TRÊS MARIAS",37.38
2002-10-09,"TRÊS MARIAS",53.39
2002-10-10,"TRÊS MARIAS",76.07
2002-10-11,"TRÊS MARIAS",73.96
2002-10-12,"TRÊS MARIAS",70.07
2002-10-13,"TRÊS MARIAS",70.19
2002-10-14,"TRÊS MARIAS",72.76
2002-10-15,"TRÊS MARIAS",69.76
2002-10-16,"TRÊS MARIAS",69.76
2002-10-17,"TRÊS MARIAS",63.64
2002-10-18,"TRÊS MARIAS",62
2002-10-19,"TRÊS MARIAS",62
2002-10-20,"TRÊS MARIAS",62
2002-10-21,"TRÊS MARIAS",60
2002-10-22,"TRÊS MARIAS",60
2002-10-23,"TRÊS MARIAS",58
2002-10-24,"TRÊS MARIAS",58
2002-10-25,"TRÊS MARIAS",58
2002-10-26,"TRÊS MARIAS",60
2002-10-27,"TRÊS MARIAS",60
2002-10-28,"TRÊS MARIAS",62
2002-10-29,"TRÊS MARIAS",62
2002-10-30,"TRÊS MARIAS",64
2002-10-31,"TRÊS MARIAS",68
2002-11-01,"TRÊS MARIAS",70
2002-11-02,"TRÊS MARIAS",231.21
2002-11-03,"TRÊS MARIAS",198.78
2002-11-04,"TRÊS MARIAS",158.7
2002-11-05,"TRÊS MARIAS",567.63
2002-11-06,"TRÊS MARIAS",1031.89
2002-11-07,"TRÊS MARIAS",334.35
2002-11-08,"TRÊS MARIAS",176.46
2002-11-09,"TRÊS MARIAS",290.16
2002-11-10,"TRÊS MARIAS",362.35
2002-11-11,"TRÊS MARIAS",248.08
2002-11-12,"TRÊS MARIAS",437.05
2002-11-13,"TRÊS MARIAS",371.35
2002-11-14,"TRÊS MARIAS",165.76
2002-11-15,"TRÊS MARIAS",226.98
2002-11-16,"TRÊS MARIAS",214.09
2002-11-17,"TRÊS MARIAS",233.08
2002-11-18,"TRÊS MARIAS",103.28
2002-11-19,"TRÊS MARIAS",329.17
2002-11-20,"TRÊS MARIAS",133.41
2002-11-21,"TRÊS MARIAS",332.17
2002-11-22,"TRÊS MARIAS",597.37
2002-11-23,"TRÊS MARIAS",525.61
2002-11-24,"TRÊS MARIAS",396.3
2002-11-25,"TRÊS MARIAS",391.98
2002-11-26,"TRÊS MARIAS",377.3
2002-11-27,"TRÊS MARIAS",458.11
2002-11-28,"TRÊS MARIAS",360.98
2002-11-29,"TRÊS MARIAS",395.3
2002-11-30,"TRÊS MARIAS",261.35
2002-12-01,"TRÊS MARIAS",255.72
2002-12-02,"TRÊS MARIAS",257.35
2002-12-03,"TRÊS MARIAS",190.54
2002-12-04,"TRÊS MARIAS",224.85
2002-12-05,"TRÊS MARIAS",70.17
2002-12-06,"TRÊS MARIAS",18.56
2002-12-07,"TRÊS MARIAS",190.17
2002-12-08,"TRÊS MARIAS",248.04
2002-12-09,"TRÊS MARIAS",416.65
2002-12-10,"TRÊS MARIAS",806.61
2002-12-11,"TRÊS MARIAS",831.74
2002-12-12,"TRÊS MARIAS",659.13
2002-12-13,"TRÊS MARIAS",888.61
2002-12-14,"TRÊS MARIAS",2279.5
2002-12-15,"TRÊS MARIAS",1830.11
2002-12-16,"TRÊS MARIAS",1589.98
2002-12-17,"TRÊS MARIAS",1583.93
2002-12-18,"TRÊS MARIAS",1308.59
2002-12-19,"TRÊS MARIAS",1267.59
2002-12-20,"TRÊS MARIAS",1185.96
2002-12-21,"TRÊS MARIAS",1122.15
2002-12-22,"TRÊS MARIAS",1114.2
2002-12-23,"TRÊS MARIAS",793.13
2002-12-24,"TRÊS MARIAS",861.26
2002-12-25,"TRÊS MARIAS",879.07
2002-12-26,"TRÊS MARIAS",1194.72
2002-12-27,"TRÊS MARIAS",792.44
2002-12-28,"TRÊS MARIAS",749.81
2002-12-29,"TRÊS MARIAS",792.14
2002-12-30,"TRÊS MARIAS",678
2002-12-31,"TRÊS MARIAS",873.5
2003-01-01,"TRÊS MARIAS",1093.35
2003-01-02,"TRÊS MARIAS",948.52
2003-01-03,"TRÊS MARIAS",988.65
2003-01-04,"TRÊS MARIAS",1429
2003-01-05,"TRÊS MARIAS",1562.94
2003-01-06,"TRÊS MARIAS",1291.5
2003-01-07,"TRÊS MARIAS",1574.26
2003-01-08,"TRÊS MARIAS",1473.13
2003-01-09,"TRÊS MARIAS",1503.99
2003-01-10,"TRÊS MARIAS",1685.78
2003-01-11,"TRÊS MARIAS",1263.3
2003-01-12,"TRÊS MARIAS",1138.67
2003-01-13,"TRÊS MARIAS",1271.5
2003-01-14,"TRÊS MARIAS",1137.6
2003-01-15,"TRÊS MARIAS",1479.31
2003-01-16,"TRÊS MARIAS",1418.13
2003-01-17,"TRÊS MARIAS",1669.96
2003-01-18,"TRÊS MARIAS",1757.09
2003-01-19,"TRÊS MARIAS",2164.11
2003-01-20,"TRÊS MARIAS",3034.02
2003-01-21,"TRÊS MARIAS",2429.85
2003-01-22,"TRÊS MARIAS",2203.63
2003-01-23,"TRÊS MARIAS",2157.63
2003-01-24,"TRÊS MARIAS",2150.27
2003-01-25,"TRÊS MARIAS",1998.73
2003-01-26,"TRÊS MARIAS",1724.22
2003-01-27,"TRÊS MARIAS",1404.89
2003-01-28,"TRÊS MARIAS",1476.89
2003-01-29,"TRÊS MARIAS",1643.06
2003-01-30,"TRÊS MARIAS",1955.61
2003-01-31,"TRÊS MARIAS",1857.41
2003-02-01,"TRÊS MARIAS",1934.68
2003-02-02,"TRÊS MARIAS",2166.08
2003-02-03,"TRÊS MARIAS",1851.35
2003-02-04,"TRÊS MARIAS",1471.95
2003-02-05,"TRÊS MARIAS",1469.4
2003-02-06,"TRÊS MARIAS",1398.56
2003-02-07,"TRÊS MARIAS",1268.5
2003-02-08,"TRÊS MARIAS",1204.77
2003-02-09,"TRÊS MARIAS",1193.43
2003-02-10,"TRÊS MARIAS",1118.24
2003-02-11,"TRÊS MARIAS",1145.89
2003-02-12,"TRÊS MARIAS",831.83
2003-02-13,"TRÊS MARIAS",931.43
2003-02-14,"TRÊS MARIAS",845.67
2003-02-15,"TRÊS MARIAS",873.98
2003-02-16,"TRÊS MARIAS",1405.07
2003-02-17,"TRÊS MARIAS",803.06
2003-02-18,"TRÊS MARIAS",1018.94
2003-02-19,"TRÊS MARIAS",1567.15
2003-02-20,"TRÊS MARIAS",1818.15
2003-02-21,"TRÊS MARIAS",1083.89
2003-02-22,"TRÊS MARIAS",1015.93
2003-02-23,"TRÊS MARIAS",945
2003-02-24,"TRÊS MARIAS",778.33
2003-02-25,"TRÊS MARIAS",779.65
2003-02-26,"TRÊS MARIAS",691
2003-02-27,"TRÊS MARIAS",695
2003-02-28,"TRÊS MARIAS",521.02
2003-03-01,"TRÊS MARIAS",596.67
2003-03-02,"TRÊS MARIAS",530.33
2003-03-03,"TRÊS MARIAS",448.37
2003-03-04,"TRÊS MARIAS",577.3
2003-03-05,"TRÊS MARIAS",476.33
2003-03-06,"TRÊS MARIAS",493.33
2003-03-07,"TRÊS MARIAS",445.57
2003-03-08,"TRÊS MARIAS",636.47
2003-03-09,"TRÊS MARIAS",447.06
2003-03-10,"TRÊS MARIAS",707
2003-03-11,"TRÊS MARIAS",635.24
2003-03-12,"TRÊS MARIAS",722
2003-03-13,"TRÊS MARIAS",604.47
2003-03-14,"TRÊS MARIAS",955.94
2003-03-15,"TRÊS MARIAS",963.59
2003-03-16,"TRÊS MARIAS",1352.96
2003-03-17,"TRÊS MARIAS",766.18
2003-03-18,"TRÊS MARIAS",1982.8
2003-03-19,"TRÊS MARIAS",1458.5
2003-03-20,"TRÊS MARIAS",1420.59
2003-03-21,"TRÊS MARIAS",1177.87
2003-03-22,"TRÊS MARIAS",1340.31
2003-03-23,"TRÊS MARIAS",1258.31
2003-03-24,"TRÊS MARIAS",1042.28
2003-03-25,"TRÊS MARIAS",995.72
2003-03-26,"TRÊS MARIAS",1460.69
2003-03-27,"TRÊS MARIAS",810.81
2003-03-28,"TRÊS MARIAS",718
2003-03-29,"TRÊS MARIAS",718
2003-03-30,"TRÊS MARIAS",626.91
2003-03-31,"TRÊS MARIAS",636
2003-04-01,"TRÊS MARIAS",622.09
2003-04-02,"TRÊS MARIAS",278.37
2003-04-03,"TRÊS MARIAS",658
2003-04-04,"TRÊS MARIAS",486.81
2003-04-05,"TRÊS MARIAS",509
2003-04-06,"TRÊS MARIAS",497
2003-04-07,"TRÊS MARIAS",777.09
2003-04-08,"TRÊS MARIAS",502
2003-04-09,"TRÊS MARIAS",706.81
2003-04-10,"TRÊS MARIAS",500
2003-04-11,"TRÊS MARIAS",646.91
2003-04-12,"TRÊS MARIAS",510
2003-04-13,"TRÊS MARIAS",498
2003-04-14,"TRÊS MARIAS",500
2003-04-15,"TRÊS MARIAS",505
2003-04-16,"TRÊS MARIAS",511
2003-04-17,"TRÊS MARIAS",420.09
2003-04-18,"TRÊS MARIAS",412.09
2003-04-19,"TRÊS MARIAS",421.09
2003-04-20,"TRÊS MARIAS",411.09
2003-04-21,"TRÊS MARIAS",378.81
2003-04-22,"TRÊS MARIAS",504
2003-04-23,"TRÊS MARIAS",310.81
2003-04-24,"TRÊS MARIAS",310.5
2003-04-25,"TRÊS MARIAS",319.19
2003-04-26,"TRÊS MARIAS",325.19
2003-04-27,"TRÊS MARIAS",317.81
2003-04-28,"TRÊS MARIAS",324.81
2003-04-29,"TRÊS MARIAS",411.41
2003-04-30,"TRÊS MARIAS",344.19
2003-05-01,"TRÊS MARIAS",219.28
2003-05-02,"TRÊS MARIAS",310.81
2003-05-03,"TRÊS MARIAS",411.41
2003-05-04,"TRÊS MARIAS",164.91
2003-05-05,"TRÊS MARIAS",581.91
2003-05-06,"TRÊS MARIAS",309.19
2003-05-07,"TRÊS MARIAS",504
2003-05-08,"TRÊS MARIAS",397.09
2003-05-09,"TRÊS MARIAS",394.09
2003-05-10,"TRÊS MARIAS",406.09
2003-05-11,"TRÊS MARIAS",387.41
2003-05-12,"TRÊS MARIAS",318.81
2003-05-13,"TRÊS MARIAS",215.91
2003-05-14,"TRÊS MARIAS",218.28
2003-05-15,"TRÊS MARIAS",221.91
2003-05-16,"TRÊS MARIAS",406.41
2003-05-17,"TRÊS MARIAS",228.91
2003-05-18,"TRÊS MARIAS",218.28
2003-05-19,"TRÊS MARIAS",320.5
2003-05-20,"TRÊS MARIAS",231.22
2003-05-21,"TRÊS MARIAS",218.59
2003-05-22,"TRÊS MARIAS",310.19
2003-05-23,"TRÊS MARIAS",218.91
2003-05-24,"TRÊS MARIAS",310.81
2003-05-25,"TRÊS MARIAS",211.59
2003-05-26,"TRÊS MARIAS",210.28
2003-05-27,"TRÊS MARIAS",251.06
2003-05-28,"TRÊS MARIAS",169.04
2003-05-29,"TRÊS MARIAS",421.67
2003-05-30,"TRÊS MARIAS",253.57
2003-05-31,"TRÊS MARIAS",251.17
2003-06-01,"TRÊS MARIAS",336.59
2003-06-02,"TRÊS MARIAS",167.52
2003-06-03,"TRÊS MARIAS",251.06
2003-06-04,"TRÊS MARIAS",263.37
2003-06-05,"TRÊS MARIAS",256
2003-06-06,"TRÊS MARIAS",250.37
2003-06-07,"TRÊS MARIAS",331.7
2003-06-08,"TRÊS MARIAS",245.06
2003-06-09,"TRÊS MARIAS",242.06
2003-06-10,"TRÊS MARIAS",173.41
2003-06-11,"TRÊS MARIAS",252.69
2003-06-12,"TRÊS MARIAS",173.24
2003-06-13,"TRÊS MARIAS",246.17
2003-06-14,"TRÊS MARIAS",249.06
2003-06-15,"TRÊS MARIAS",254.06
2003-06-16,"TRÊS MARIAS",164.41
2003-06-17,"TRÊS MARIAS",248.69
2003-06-18,"TRÊS MARIAS",257
2003-06-19,"TRÊS MARIAS",159.41
2003-06-20,"TRÊS MARIAS",159.41
2003-06-21,"TRÊS MARIAS",163.41
2003-06-22,"TRÊS MARIAS",247.06
2003-06-23,"TRÊS MARIAS",170.67
2003-06-24,"TRÊS MARIAS",247.37
2003-06-25,"TRÊS MARIAS",69.46
2003-06-26,"TRÊS MARIAS",285.41
2003-06-27,"TRÊS MARIAS",205.06
2003-06-28,"TRÊS MARIAS",199.19
2003-06-29,"TRÊS MARIAS",207.13
2003-06-30,"TRÊS MARIAS",230.72
2003-07-01,"TRÊS MARIAS",152.56
2003-07-02,"TRÊS MARIAS",305.11
2003-07-03,"TRÊS MARIAS",152.13
2003-07-04,"TRÊS MARIAS",226
2003-07-05,"TRÊS MARIAS",228.4
2003-07-06,"TRÊS MARIAS",204.44
2003-07-07,"TRÊS MARIAS",198.56
2003-07-08,"TRÊS MARIAS",227.83
2003-07-09,"TRÊS MARIAS",149.7
2003-07-10,"TRÊS MARIAS",227
2003-07-11,"TRÊS MARIAS",227.83
2003-07-12,"TRÊS MARIAS",303.22
2003-07-13,"TRÊS MARIAS",152.44
2003-07-14,"TRÊS MARIAS",157.44
2003-07-15,"TRÊS MARIAS",129
2003-07-16,"TRÊS MARIAS",279.2
2003-07-17,"TRÊS MARIAS",134.06
2003-07-18,"TRÊS MARIAS",209.56
2003-07-19,"TRÊS MARIAS",218.44
2003-07-20,"TRÊS MARIAS",125.8
2003-07-21,"TRÊS MARIAS",256.4
2003-07-22,"TRÊS MARIAS",191.44
2003-07-23,"TRÊS MARIAS",117.06
2003-07-24,"TRÊS MARIAS",263.95
2003-07-25,"TRÊS MARIAS",196.44
2003-07-26,"TRÊS MARIAS",201.33
2003-07-27,"TRÊS MARIAS",64.78
2003-07-28,"TRÊS MARIAS",238.33
2003-07-29,"TRÊS MARIAS",133.06
2003-07-30,"TRÊS MARIAS",203.44
2003-07-31,"TRÊS MARIAS",116.06
2003-08-01,"TRÊS MARIAS",197.56
2003-08-02,"TRÊS MARIAS",91.06
2003-08-03,"TRÊS MARIAS",137.83
2003-08-04,"TRÊS MARIAS",138.06
2003-08-05,"TRÊS MARIAS",143.06
2003-08-06,"TRÊS MARIAS",220.33
2003-08-07,"TRÊS MARIAS",216.44
2003-08-08,"TRÊS MARIAS",115
2003-08-09,"TRÊS MARIAS",115
2003-08-10,"TRÊS MARIAS",68.78
2003-08-11,"TRÊS MARIAS",67.67
2003-08-12,"TRÊS MARIAS",145.06
2003-08-13,"TRÊS MARIAS",326.46
2003-08-14,"TRÊS MARIAS",90.61
2003-08-15,"TRÊS MARIAS",154.93
2003-08-16,"TRÊS MARIAS",113.79
2003-08-17,"TRÊS MARIAS",130.65
2003-08-18,"TRÊS MARIAS",118
2003-08-19,"TRÊS MARIAS",59.3
2003-08-20,"TRÊS MARIAS",218.39
2003-08-21,"TRÊS MARIAS",67.3
2003-08-22,"TRÊS MARIAS",183.39
2003-08-23,"TRÊS MARIAS",110.69
2003-08-24,"TRÊS MARIAS",66.35
2003-08-25,"TRÊS MARIAS",273.95
2003-08-26,"TRÊS MARIAS",179.39
2003-08-27,"TRÊS MARIAS",24.3
2003-08-28,"TRÊS MARIAS",181.39
2003-08-29,"TRÊS MARIAS",331.85
2003-08-30,"TRÊS MARIAS",255.83
2003-08-31,"TRÊS MARIAS",85.35
2003-09-01,"TRÊS MARIAS",108.12
2003-09-02,"TRÊS MARIAS",229.22
2003-09-03,"TRÊS MARIAS",172.35
2003-09-04,"TRÊS MARIAS",152.78
2003-09-05,"TRÊS MARIAS",222.22
2003-09-06,"TRÊS MARIAS",155.04
2003-09-07,"TRÊS MARIAS",123.54
2003-09-08,"TRÊS MARIAS",167.78
2003-09-09,"TRÊS MARIAS",172.78
2003-09-10,"TRÊS MARIAS",144.59
2003-09-11,"TRÊS MARIAS",119.65
2003-09-12,"TRÊS MARIAS",106.53
2003-09-13,"TRÊS MARIAS",266.6
2003-09-14,"TRÊS MARIAS",86.89
2003-09-15,"TRÊS MARIAS",45.15
2003-09-16,"TRÊS MARIAS",289.98
2003-09-17,"TRÊS MARIAS",89.33
2003-09-18,"TRÊS MARIAS",103.33
2003-09-19,"TRÊS MARIAS",122.91
2003-09-20,"TRÊS MARIAS",117.53
2003-09-21,"TRÊS MARIAS",105.26
2003-09-22,"TRÊS MARIAS",111.59
2003-09-23,"TRÊS MARIAS",121.22
2003-09-24,"TRÊS MARIAS",120.91
2003-09-25,"TRÊS MARIAS",46.72
2003-09-26,"TRÊS MARIAS",71.21
2003-09-27,"TRÊS MARIAS",49.4
2003-09-28,"TRÊS MARIAS",192.73
2003-09-29,"TRÊS MARIAS",56.46
2003-09-30,"TRÊS MARIAS",45.15
2003-10-01,"TRÊS MARIAS",89.98
2003-10-02,"TRÊS MARIAS",71.26
2003-10-03,"TRÊS MARIAS",76.46
2003-10-04,"TRÊS MARIAS",88.46
2003-10-05,"TRÊS MARIAS",11.02
2003-10-06,"TRÊS MARIAS",54.54
2003-10-07,"TRÊS MARIAS",123.67
2003-10-08,"TRÊS MARIAS",87.91
2003-10-09,"TRÊS MARIAS",85.91
2003-10-10,"TRÊS MARIAS",104.22
2003-10-11,"TRÊS MARIAS",102.54
2003-10-12,"TRÊS MARIAS",14.54
2003-10-13,"TRÊS MARIAS",83.72
2003-10-14,"TRÊS MARIAS",24.09
2003-10-15,"TRÊS MARIAS",154.48
2003-10-16,"TRÊS MARIAS",65.54
2003-10-17,"TRÊS MARIAS",19.09
2003-10-18,"TRÊS MARIAS",30.8
2003-10-19,"TRÊS MARIAS",118.78
2003-10-20,"TRÊS MARIAS",115.78
2003-10-21,"TRÊS MARIAS",90.91
2003-10-22,"TRÊS MARIAS",152.78
2003-10-23,"TRÊS MARIAS",119.78
2003-10-24,"TRÊS MARIAS",185.78
2003-10-25,"TRÊS MARIAS",82.91
2003-10-26,"TRÊS MARIAS",71.91
2003-10-27,"TRÊS MARIAS",106.78
2003-10-28,"TRÊS MARIAS",91.91
2003-10-29,"TRÊS MARIAS",124.78
2003-10-30,"TRÊS MARIAS",60.91
2003-10-31,"TRÊS MARIAS",122.78
2003-11-01,"TRÊS MARIAS",57.04
2003-11-02,"TRÊS MARIAS",318.39
2003-11-03,"TRÊS MARIAS",194.96
2003-11-04,"TRÊS MARIAS",72.3
2003-11-05,"TRÊS MARIAS",89.48
2003-11-06,"TRÊS MARIAS",254.52
2003-11-07,"TRÊS MARIAS",206.22
2003-11-08,"TRÊS MARIAS",193.65
2003-11-09,"TRÊS MARIAS",105.48
2003-11-10,"TRÊS MARIAS",143.72
2003-11-11,"TRÊS MARIAS",261.15
2003-11-12,"TRÊS MARIAS",203.28
2003-11-13,"TRÊS MARIAS",220.59
2003-11-14,"TRÊS MARIAS",96.17
2003-11-15,"TRÊS MARIAS",204.96
2003-11-16,"TRÊS MARIAS",151.35
2003-11-17,"TRÊS MARIAS",143.09
2003-11-18,"TRÊS MARIAS",208.91
2003-11-19,"TRÊS MARIAS",200.96
2003-11-20,"TRÊS MARIAS",165.04
2003-11-21,"TRÊS MARIAS",320.39
2003-11-22,"TRÊS MARIAS",444.44
2003-11-23,"TRÊS MARIAS",205.22
2003-11-24,"TRÊS MARIAS",213.22
2003-11-25,"TRÊS MARIAS",207.22
2003-11-26,"TRÊS MARIAS",211.22
2003-11-27,"TRÊS MARIAS",302.78
2003-11-28,"TRÊS MARIAS",206.65
2003-11-29,"TRÊS MARIAS",179.67
2003-11-30,"TRÊS MARIAS",273.78
2003-12-01,"TRÊS MARIAS",720.22
2003-12-02,"TRÊS MARIAS",878.07
2003-12-03,"TRÊS MARIAS",946.39
2003-12-04,"TRÊS MARIAS",941.44
2003-12-05,"TRÊS MARIAS",1052.56
2003-12-06,"TRÊS MARIAS",893.46
2003-12-07,"TRÊS MARIAS",2020.78
2003-12-08,"TRÊS MARIAS",1508.52
2003-12-09,"TRÊS MARIAS",1405.04
2003-12-10,"TRÊS MARIAS",1168.24
2003-12-11,"TRÊS MARIAS",902.46
2003-12-12,"TRÊS MARIAS",779.78
2003-12-13,"TRÊS MARIAS",802.35
2003-12-14,"TRÊS MARIAS",558.56
2003-12-15,"TRÊS MARIAS",501
2003-12-16,"TRÊS MARIAS",442.44
2003-12-17,"TRÊS MARIAS",440.13
2003-12-18,"TRÊS MARIAS",281.52
2003-12-19,"TRÊS MARIAS",384.89
2003-12-20,"TRÊS MARIAS",329.33
2003-12-21,"TRÊS MARIAS",323.39
2003-12-22,"TRÊS MARIAS",325.7
2003-12-23,"TRÊS MARIAS",275.78
2003-12-24,"TRÊS MARIAS",438.13
2003-12-25,"TRÊS MARIAS",325.39
2003-12-26,"TRÊS MARIAS",494
2003-12-27,"TRÊS MARIAS",441.13
2003-12-28,"TRÊS MARIAS",1125
2003-12-29,"TRÊS MARIAS",615.74
2003-12-30,"TRÊS MARIAS",440.13
2003-12-31,"TRÊS MARIAS",436.13
2004-01-01,"TRÊS MARIAS",604.74
2004-01-02,"TRÊS MARIAS",778.41
2004-01-03,"TRÊS MARIAS",781.72
2004-01-04,"TRÊS MARIAS",892.52
2004-01-05,"TRÊS MARIAS",1134.57
2004-01-06,"TRÊS MARIAS",899.09
2004-01-07,"TRÊS MARIAS",1131.57
2004-01-08,"TRÊS MARIAS",958.96
2004-01-09,"TRÊS MARIAS",840.22
2004-01-10,"TRÊS MARIAS",956.96
2004-01-11,"TRÊS MARIAS",1883.89
2004-01-12,"TRÊS MARIAS",2075.02
2004-01-13,"TRÊS MARIAS",2797.19
2004-01-14,"TRÊS MARIAS",2264.41
2004-01-15,"TRÊS MARIAS",2262.78
2004-01-16,"TRÊS MARIAS",2152.24
2004-01-17,"TRÊS MARIAS",1906.18
2004-01-18,"TRÊS MARIAS",1502.52
2004-01-19,"TRÊS MARIAS",1306.13
2004-01-20,"TRÊS MARIAS",1035.78
2004-01-21,"TRÊS MARIAS",900.61
2004-01-22,"TRÊS MARIAS",891.78
2004-01-23,"TRÊS MARIAS",1991.12
2004-01-24,"TRÊS MARIAS",1034.3
2004-01-25,"TRÊS MARIAS",974.11
2004-01-26,"TRÊS MARIAS",965.05
2004-01-27,"TRÊS MARIAS",1034.04
2004-01-28,"TRÊS MARIAS",962.05
2004-01-29,"TRÊS MARIAS",894.15
2004-01-30,"TRÊS MARIAS",1198.67
2004-01-31,"TRÊS MARIAS",898.09
2004-02-01,"TRÊS MARIAS",839.22
2004-02-02,"TRÊS MARIAS",1046.56
2004-02-03,"TRÊS MARIAS",907.54
2004-02-04,"TRÊS MARIAS",846.11
2004-02-05,"TRÊS MARIAS",775.29
2004-02-06,"TRÊS MARIAS",706.02
2004-02-07,"TRÊS MARIAS",583.22
2004-02-08,"TRÊS MARIAS",1702.35
2004-02-09,"TRÊS MARIAS",1716.48
2004-02-10,"TRÊS MARIAS",1403.24
2004-02-11,"TRÊS MARIAS",2458.17
2004-02-12,"TRÊS MARIAS",2777.3
2004-02-13,"TRÊS MARIAS",1881.78
2004-02-14,"TRÊS MARIAS",1729
2004-02-15,"TRÊS MARIAS",1877.78
2004-02-16,"TRÊS MARIAS",2495.77
2004-02-17,"TRÊS MARIAS",1459.13
2004-02-18,"TRÊS MARIAS",1993.63
2004-02-19,"TRÊS MARIAS",1686.3
2004-02-20,"TRÊS MARIAS",2673.24
2004-02-21,"TRÊS MARIAS",2080.65
2004-02-22,"TRÊS MARIAS",2242.57
2004-02-23,"TRÊS MARIAS",3004.06
2004-02-24,"TRÊS MARIAS",2330.33
2004-02-25,"TRÊS MARIAS",2067.39
2004-02-26,"TRÊS MARIAS",1946.33
2004-02-27,"TRÊS MARIAS",2237
2004-02-28,"TRÊS MARIAS",2234
2004-02-29,"TRÊS MARIAS",2041.19
2004-03-01,"TRÊS MARIAS",2418.81
2004-03-02,"TRÊS MARIAS",2311.37
2004-03-03,"TRÊS MARIAS",1848.41
2004-03-04,"TRÊS MARIAS",2712.83
2004-03-05,"TRÊS MARIAS",3536.04
2004-03-06,"TRÊS MARIAS",2880.31
2004-03-07,"TRÊS MARIAS",2486.11
2004-03-08,"TRÊS MARIAS",2013.57
2004-03-09,"TRÊS MARIAS",2002.63
2004-03-10,"TRÊS MARIAS",1627.31
2004-03-11,"TRÊS MARIAS",1615.37
2004-03-12,"TRÊS MARIAS",1524.04
2004-03-13,"TRÊS MARIAS",2015.78
2004-03-14,"TRÊS MARIAS",1529.55
2004-03-15,"TRÊS MARIAS",2017.89
2004-03-16,"TRÊS MARIAS",2699.33
2004-03-17,"TRÊS MARIAS",2117
2004-03-18,"TRÊS MARIAS",1438.9
2004-03-19,"TRÊS MARIAS",2631.95
2004-03-20,"TRÊS MARIAS",1735
2004-03-21,"TRÊS MARIAS",1645.61
2004-03-22,"TRÊS MARIAS",1638.21
2004-03-23,"TRÊS MARIAS",1447.96
2004-03-24,"TRÊS MARIAS",1240.57
2004-03-25,"TRÊS MARIAS",1146.35
2004-03-26,"TRÊS MARIAS",1153.18
2004-03-27,"TRÊS MARIAS",1150.41
2004-03-28,"TRÊS MARIAS",947.22
2004-03-29,"TRÊS MARIAS",1049.64
2004-03-30,"TRÊS MARIAS",849.69
2004-03-31,"TRÊS MARIAS",1050.87
2004-04-01,"TRÊS MARIAS",949.22
2004-04-02,"TRÊS MARIAS",977.11
2004-04-03,"TRÊS MARIAS",943.69
2004-04-04,"TRÊS MARIAS",927.69
2004-04-05,"TRÊS MARIAS",927.69
2004-04-06,"TRÊS MARIAS",821.26
2004-04-07,"TRÊS MARIAS",1011.11
2004-04-08,"TRÊS MARIAS",1163.41
2004-04-09,"TRÊS MARIAS",1560.33
2004-04-10,"TRÊS MARIAS",2089.22
2004-04-11,"TRÊS MARIAS",1672.67
2004-04-12,"TRÊS MARIAS",2107.74
2004-04-13,"TRÊS MARIAS",1996.94
2004-04-14,"TRÊS MARIAS",1344.17
2004-04-15,"TRÊS MARIAS",1017.78
2004-04-16,"TRÊS MARIAS",945.98
2004-04-17,"TRÊS MARIAS",927.39
2004-04-18,"TRÊS MARIAS",926.39
2004-04-19,"TRÊS MARIAS",814.39
2004-04-20,"TRÊS MARIAS",799.19
2004-04-21,"TRÊS MARIAS",790.07
2004-04-22,"TRÊS MARIAS",590.71
2004-04-23,"TRÊS MARIAS",694.27
2004-04-24,"TRÊS MARIAS",682.65
2004-04-25,"TRÊS MARIAS",580.85
2004-04-26,"TRÊS MARIAS",812.7
2004-04-27,"TRÊS MARIAS",579.97
2004-04-28,"TRÊS MARIAS",806.59
2004-04-29,"TRÊS MARIAS",466.54
2004-04-30,"TRÊS MARIAS",489.43
2004-05-01,"TRÊS MARIAS",587
2004-05-02,"TRÊS MARIAS",585
2004-05-03,"TRÊS MARIAS",517.31
2004-05-04,"TRÊS MARIAS",471.43
2004-05-05,"TRÊS MARIAS",474.43
2004-05-06,"TRÊS MARIAS",485.54
2004-05-07,"TRÊS MARIAS",590.74
2004-05-08,"TRÊS MARIAS",353
2004-05-09,"TRÊS MARIAS",465.43
2004-05-10,"TRÊS MARIAS",467.43
2004-05-11,"TRÊS MARIAS",469
2004-05-12,"TRÊS MARIAS",450
2004-05-13,"TRÊS MARIAS",489.54
2004-05-14,"TRÊS MARIAS",484.43
2004-05-15,"TRÊS MARIAS",365
2004-05-16,"TRÊS MARIAS",469.31
2004-05-17,"TRÊS MARIAS",312.69
2004-05-18,"TRÊS MARIAS",536
2004-05-19,"TRÊS MARIAS",430.57
2004-05-20,"TRÊS MARIAS",447.46
2004-05-21,"TRÊS MARIAS",516
2004-05-22,"TRÊS MARIAS",358
2004-05-23,"TRÊS MARIAS",539.54
2004-05-24,"TRÊS MARIAS",255.46
2004-05-25,"TRÊS MARIAS",376
2004-05-26,"TRÊS MARIAS",469.54
2004-05-27,"TRÊS MARIAS",467.43
2004-05-28,"TRÊS MARIAS",473.31
2004-05-29,"TRÊS MARIAS",382
2004-05-30,"TRÊS MARIAS",136.26
2004-05-31,"TRÊS MARIAS",471.43
2004-06-01,"TRÊS MARIAS",363
2004-06-02,"TRÊS MARIAS",492.31
2004-06-03,"TRÊS MARIAS",381
2004-06-04,"TRÊS MARIAS",488.43
2004-06-05,"TRÊS MARIAS",372
2004-06-06,"TRÊS MARIAS",487.43
2004-06-07,"TRÊS MARIAS",491.54
2004-06-08,"TRÊS MARIAS",375
2004-06-09,"TRÊS MARIAS",381
2004-06-10,"TRÊS MARIAS",376
2004-06-11,"TRÊS MARIAS",377
2004-06-12,"TRÊS MARIAS",375
2004-06-13,"TRÊS MARIAS",375
2004-06-14,"TRÊS MARIAS",376
2004-06-15,"TRÊS MARIAS",325.46
2004-06-16,"TRÊS MARIAS",326.57
2004-06-17,"TRÊS MARIAS",264.26
2004-06-18,"TRÊS MARIAS",471
2004-06-19,"TRÊS MARIAS",356.57
2004-06-20,"TRÊS MARIAS",241.03
2004-06-21,"TRÊS MARIAS",354.57
2004-06-22,"TRÊS MARIAS",262.69
2004-06-23,"TRÊS MARIAS",265.57
2004-06-24,"TRÊS MARIAS",341.46
2004-06-25,"TRÊS MARIAS",346.57
2004-06-26,"TRÊS MARIAS",346.57
2004-06-27,"TRÊS MARIAS",346.69
2004-06-28,"TRÊS MARIAS",231.03
2004-06-29,"TRÊS MARIAS",457
2004-06-30,"TRÊS MARIAS",230.15
2004-07-01,"TRÊS MARIAS",229.26
2004-07-02,"TRÊS MARIAS",339.46
2004-07-03,"TRÊS MARIAS",228.15
2004-07-04,"TRÊS MARIAS",341.69
2004-07-05,"TRÊS MARIAS",228.03
2004-07-06,"TRÊS MARIAS",340.57
2004-07-07,"TRÊS MARIAS",227.26
2004-07-08,"TRÊS MARIAS",342.57
2004-07-09,"TRÊS MARIAS",237.41
2004-07-10,"TRÊS MARIAS",346.2
2004-07-11,"TRÊS MARIAS",564.8
2004-07-12,"TRÊS MARIAS",299.41
2004-07-13,"TRÊS MARIAS",250.29
2004-07-14,"TRÊS MARIAS",466
2004-07-15,"TRÊS MARIAS",248.52
2004-07-16,"TRÊS MARIAS",354.2
2004-07-17,"TRÊS MARIAS",319.2
2004-07-18,"TRÊS MARIAS",353.09
2004-07-19,"TRÊS MARIAS",135.73
2004-07-20,"TRÊS MARIAS",462
2004-07-21,"TRÊS MARIAS",348.2
2004-07-22,"TRÊS MARIAS",351.09
2004-07-23,"TRÊS MARIAS",240.73
2004-07-24,"TRÊS MARIAS",279.61
2004-07-25,"TRÊS MARIAS",275.61
2004-07-26,"TRÊS MARIAS",279.61
2004-07-27,"TRÊS MARIAS",161.81
2004-07-28,"TRÊS MARIAS",277.61
2004-07-29,"TRÊS MARIAS",279.61
2004-07-30,"TRÊS MARIAS",284.5
2004-07-31,"TRÊS MARIAS",177.93
2004-08-01,"TRÊS MARIAS",287.61
2004-08-02,"TRÊS MARIAS",286.5
2004-08-03,"TRÊS MARIAS",287.73
2004-08-04,"TRÊS MARIAS",286.61
2004-08-05,"TRÊS MARIAS",289.61
2004-08-06,"TRÊS MARIAS",180.81
2004-08-07,"TRÊS MARIAS",177.81
2004-08-08,"TRÊS MARIAS",257.5
2004-08-09,"TRÊS MARIAS",287.73
2004-08-10,"TRÊS MARIAS",252.81
2004-08-11,"TRÊS MARIAS",73.02
2004-08-12,"TRÊS MARIAS",512.2
2004-08-13,"TRÊS MARIAS",73.02
2004-08-14,"TRÊS MARIAS",96.02
2004-08-15,"TRÊS MARIAS",145.81
2004-08-16,"TRÊS MARIAS",299.75
2004-08-17,"TRÊS MARIAS",221.97
2004-08-18,"TRÊS MARIAS",321.39
2004-08-19,"TRÊS MARIAS",220.74
2004-08-20,"TRÊS MARIAS",219.85
2004-08-21,"TRÊS MARIAS",222.97
2004-08-22,"TRÊS MARIAS",319.39
2004-08-23,"TRÊS MARIAS",202.74
2004-08-24,"TRÊS MARIAS",222.85
2004-08-25,"TRÊS MARIAS",225.97
2004-08-26,"TRÊS MARIAS",226.85
2004-08-27,"TRÊS MARIAS",131.31
2004-08-28,"TRÊS MARIAS",415.81
2004-08-29,"TRÊS MARIAS",225.97
2004-08-30,"TRÊS MARIAS",228.85
2004-08-31,"TRÊS MARIAS",128.31
2004-09-01,"TRÊS MARIAS",225.85
2004-09-02,"TRÊS MARIAS",133.31
2004-09-03,"TRÊS MARIAS",133.31
2004-09-04,"TRÊS MARIAS",328.27
2004-09-05,"TRÊS MARIAS",132.31
2004-09-06,"TRÊS MARIAS",233.97
2004-09-07,"TRÊS MARIAS",138.31
2004-09-08,"TRÊS MARIAS",257.85
2004-09-09,"TRÊS MARIAS",114.31
2004-09-10,"TRÊS MARIAS",247.85
2004-09-11,"TRÊS MARIAS",144.26
2004-09-12,"TRÊS MARIAS",153.94
2004-09-13,"TRÊS MARIAS",117.04
2004-09-14,"TRÊS MARIAS",156.63
2004-09-15,"TRÊS MARIAS",266.85
2004-09-16,"TRÊS MARIAS",176.26
2004-09-17,"TRÊS MARIAS",173.94
2004-09-18,"TRÊS MARIAS",175.26
2004-09-19,"TRÊS MARIAS",165.94
2004-09-20,"TRÊS MARIAS",154.31
2004-09-21,"TRÊS MARIAS",175.26
2004-09-22,"TRÊS MARIAS",72.41
2004-09-23,"TRÊS MARIAS",167.57
2004-09-24,"TRÊS MARIAS",188.63
2004-09-25,"TRÊS MARIAS",165.31
2004-09-26,"TRÊS MARIAS",189.57
2004-09-27,"TRÊS MARIAS",120.09
2004-09-28,"TRÊS MARIAS",77.24
2004-09-29,"TRÊS MARIAS",153.63
2004-09-30,"TRÊS MARIAS",74.78
2004-10-01,"TRÊS MARIAS",270
2004-10-02,"TRÊS MARIAS",171.89
2004-10-03,"TRÊS MARIAS",253.23
2004-10-04,"TRÊS MARIAS",56.55
2004-10-05,"TRÊS MARIAS",73.78
2004-10-06,"TRÊS MARIAS",77.67
2004-10-07,"TRÊS MARIAS",173.89
2004-10-08,"TRÊS MARIAS",80.67
2004-10-09,"TRÊS MARIAS",77.67
2004-10-10,"TRÊS MARIAS",178.89
2004-10-11,"TRÊS MARIAS",373.33
2004-10-12,"TRÊS MARIAS",173.89
2004-10-13,"TRÊS MARIAS",163.89
2004-10-14,"TRÊS MARIAS",174.89
2004-10-15,"TRÊS MARIAS",80.67
2004-10-16,"TRÊS MARIAS",176.89
2004-10-17,"TRÊS MARIAS",271.11
2004-10-18,"TRÊS MARIAS",80.67
2004-10-19,"TRÊS MARIAS",331.96
2004-10-20,"TRÊS MARIAS",341.28
2004-10-21,"TRÊS MARIAS",42.98
2004-10-22,"TRÊS MARIAS",191.03
2004-10-23,"TRÊS MARIAS",186.32
2004-10-24,"TRÊS MARIAS",100.93
2004-10-25,"TRÊS MARIAS",184.52
2004-10-26,"TRÊS MARIAS",318.28
2004-10-27,"TRÊS MARIAS",181.11
2004-10-28,"TRÊS MARIAS",184.06
2004-10-29,"TRÊS MARIAS",288.85
2004-10-30,"TRÊS MARIAS",187.23
2004-10-31,"TRÊS MARIAS",102.46
2004-11-01,"TRÊS MARIAS",370.56
2004-11-02,"TRÊS MARIAS",53.52
2004-11-03,"TRÊS MARIAS",88.83
2004-11-04,"TRÊS MARIAS",95.43
2004-11-05,"TRÊS MARIAS",215.28
2004-11-06,"TRÊS MARIAS",189.65
2004-11-07,"TRÊS MARIAS",283.56
2004-11-08,"TRÊS MARIAS",190.96
2004-11-09,"TRÊS MARIAS",-0.17
2004-11-10,"TRÊS MARIAS",4.52
2004-11-11,"TRÊS MARIAS",81.83
2004-11-12,"TRÊS MARIAS",365.43
2004-11-13,"TRÊS MARIAS",169.93
2004-11-14,"TRÊS MARIAS",98.43
2004-11-15,"TRÊS MARIAS",198.28
2004-11-16,"TRÊS MARIAS",95.43
2004-11-17,"TRÊS MARIAS",298.56
2004-11-18,"TRÊS MARIAS",216.28
2004-11-19,"TRÊS MARIAS",304.19
2004-11-20,"TRÊS MARIAS",296.19
2004-11-21,"TRÊS MARIAS",296.19
2004-11-22,"TRÊS MARIAS",193.65
2004-11-23,"TRÊS MARIAS",193.33
2004-11-24,"TRÊS MARIAS",200.28
2004-11-25,"TRÊS MARIAS",199.85
2004-11-26,"TRÊS MARIAS",131.23
2004-11-27,"TRÊS MARIAS",228.28
2004-11-28,"TRÊS MARIAS",299.19
2004-11-29,"TRÊS MARIAS",434.09
2004-11-30,"TRÊS MARIAS",297.19
2004-12-01,"TRÊS MARIAS",397.09
2004-12-02,"TRÊS MARIAS",136.43
2004-12-03,"TRÊS MARIAS",291.56
2004-12-04,"TRÊS MARIAS",392.09
2004-12-05,"TRÊS MARIAS",301.19
2004-12-06,"TRÊS MARIAS",144.49
2004-12-07,"TRÊS MARIAS",296.56
2004-12-08,"TRÊS MARIAS",296.87
2004-12-09,"TRÊS MARIAS",394.09
2004-12-10,"TRÊS MARIAS",584.91
2004-12-11,"TRÊS MARIAS",683.13
2004-12-12,"TRÊS MARIAS",1068.7
2004-12-13,"TRÊS MARIAS",1163.5
2004-12-14,"TRÊS MARIAS",963.97
2004-12-15,"TRÊS MARIAS",677.81
2004-12-16,"TRÊS MARIAS",581.91
2004-12-17,"TRÊS MARIAS",497
2004-12-18,"TRÊS MARIAS",405.09
2004-12-19,"TRÊS MARIAS",501
2004-12-20,"TRÊS MARIAS",504
2004-12-21,"TRÊS MARIAS",783.72
2004-12-22,"TRÊS MARIAS",1464.65
2004-12-23,"TRÊS MARIAS",2897.83
2004-12-24,"TRÊS MARIAS",2044.67
2004-12-25,"TRÊS MARIAS",2227.85
2004-12-26,"TRÊS MARIAS",2036.72
2004-12-27,"TRÊS MARIAS",2230.48
2004-12-28,"TRÊS MARIAS",2134.14
2004-12-29,"TRÊS MARIAS",1650.89
2004-12-30,"TRÊS MARIAS",1551.56
2004-12-31,"TRÊS MARIAS",1459.28
2005-01-01,"TRÊS MARIAS",1368
2005-01-02,"TRÊS MARIAS",1273.66
2005-01-03,"TRÊS MARIAS",1270.89
2005-01-04,"TRÊS MARIAS",2028.56
2005-01-05,"TRÊS MARIAS",3213.22
2005-01-06,"TRÊS MARIAS",2341.88
2005-01-07,"TRÊS MARIAS",1892.36
2005-01-08,"TRÊS MARIAS",2279.22
2005-01-09,"TRÊS MARIAS",1892.28
2005-01-10,"TRÊS MARIAS",1591.35
2005-01-11,"TRÊS MARIAS",1684.14
2005-01-12,"TRÊS MARIAS",1495.56
2005-01-13,"TRÊS MARIAS",1794.8
2005-01-14,"TRÊS MARIAS",1506.38
2005-01-15,"TRÊS MARIAS",1517.87
2005-01-16,"TRÊS MARIAS",1505.19
2005-01-17,"TRÊS MARIAS",1314.06
2005-01-18,"TRÊS MARIAS",1411.16
2005-01-19,"TRÊS MARIAS",1582.69
2005-01-20,"TRÊS MARIAS",2013.41
2005-01-21,"TRÊS MARIAS",2012.15
2005-01-22,"TRÊS MARIAS",1614.03
2005-01-23,"TRÊS MARIAS",1414.19
2005-01-24,"TRÊS MARIAS",1312.54
2005-01-25,"TRÊS MARIAS",1112.46
2005-01-26,"TRÊS MARIAS",1014.46
2005-01-27,"TRÊS MARIAS",1611.03
2005-01-28,"TRÊS MARIAS",1816.34
2005-01-29,"TRÊS MARIAS",2010.76
2005-01-30,"TRÊS MARIAS",2306.37
2005-01-31,"TRÊS MARIAS",2000.61
2005-02-01,"TRÊS MARIAS",2930.37
2005-02-02,"TRÊS MARIAS",2856.44
2005-02-03,"TRÊS MARIAS",1960.61
2005-02-04,"TRÊS MARIAS",1662
2005-02-05,"TRÊS MARIAS",1759.54
2005-02-06,"TRÊS MARIAS",1359.27
2005-02-07,"TRÊS MARIAS",1559.58
2005-02-08,"TRÊS MARIAS",1661
2005-02-09,"TRÊS MARIAS",1660
2005-02-10,"TRÊS MARIAS",1267.93
2005-02-11,"TRÊS MARIAS",1113.35
2005-02-12,"TRÊS MARIAS",1212.65
2005-02-13,"TRÊS MARIAS",1115
2005-02-14,"TRÊS MARIAS",1212.07
2005-02-15,"TRÊS MARIAS",914.42
2005-02-16,"TRÊS MARIAS",912.54
2005-02-17,"TRÊS MARIAS",812
2005-02-18,"TRÊS MARIAS",812
2005-02-19,"TRÊS MARIAS",944.65
2005-02-20,"TRÊS MARIAS",800
2005-02-21,"TRÊS MARIAS",889.54
2005-02-22,"TRÊS MARIAS",862.5
2005-02-23,"TRÊS MARIAS",841.19
2005-02-24,"TRÊS MARIAS",643
2005-02-25,"TRÊS MARIAS",616
2005-02-26,"TRÊS MARIAS",649.54
2005-02-27,"TRÊS MARIAS",660.42
2005-02-28,"TRÊS MARIAS",856.73
2005-03-01,"TRÊS MARIAS",855.5
2005-03-02,"TRÊS MARIAS",2306.8
2005-03-03,"TRÊS MARIAS",2829.72
2005-03-04,"TRÊS MARIAS",2934.93
2005-03-05,"TRÊS MARIAS",2855.94
2005-03-06,"TRÊS MARIAS",2478.37
2005-03-07,"TRÊS MARIAS",1935.39
2005-03-08,"TRÊS MARIAS",2263.66
2005-03-09,"TRÊS MARIAS",1734.71
2005-03-10,"TRÊS MARIAS",1509
2005-03-11,"TRÊS MARIAS",1349.8
2005-03-12,"TRÊS MARIAS",1304.48
2005-03-13,"TRÊS MARIAS",1193.91
2005-03-14,"TRÊS MARIAS",1087
2005-03-15,"TRÊS MARIAS",1149.8
2005-03-16,"TRÊS MARIAS",1579.98
2005-03-17,"TRÊS MARIAS",1278.59
2005-03-18,"TRÊS MARIAS",1397.39
2005-03-19,"TRÊS MARIAS",1289.59
2005-03-20,"TRÊS MARIAS",1856.72
2005-03-21,"TRÊS MARIAS",1752.56
2005-03-22,"TRÊS MARIAS",1478.7
2005-03-23,"TRÊS MARIAS",1193.43
2005-03-24,"TRÊS MARIAS",1195.31
2005-03-25,"TRÊS MARIAS",1305.85
2005-03-26,"TRÊS MARIAS",1413.28
2005-03-27,"TRÊS MARIAS",1419.39
2005-03-28,"TRÊS MARIAS",1302.74
2005-03-29,"TRÊS MARIAS",1216.85
2005-03-30,"TRÊS MARIAS",1108.97
2005-03-31,"TRÊS MARIAS",995.31
2005-04-01,"TRÊS MARIAS",806
2005-04-02,"TRÊS MARIAS",779
2005-04-03,"TRÊS MARIAS",778
2005-04-04,"TRÊS MARIAS",778
2005-04-05,"TRÊS MARIAS",668
2005-04-06,"TRÊS MARIAS",675
2005-04-07,"TRÊS MARIAS",571
2005-04-08,"TRÊS MARIAS",558
2005-04-09,"TRÊS MARIAS",642.43
2005-04-10,"TRÊS MARIAS",448
2005-04-11,"TRÊS MARIAS",641.43
2005-04-12,"TRÊS MARIAS",547
2005-04-13,"TRÊS MARIAS",491
2005-04-14,"TRÊS MARIAS",503
2005-04-15,"TRÊS MARIAS",497
2005-04-16,"TRÊS MARIAS",514
2005-04-17,"TRÊS MARIAS",465
2005-04-18,"TRÊS MARIAS",516
2005-04-19,"TRÊS MARIAS",504
2005-04-20,"TRÊS MARIAS",534
2005-04-21,"TRÊS MARIAS",497
2005-04-22,"TRÊS MARIAS",506
2005-04-23,"TRÊS MARIAS",507
2005-04-24,"TRÊS MARIAS",489
2005-04-25,"TRÊS MARIAS",504
2005-04-26,"TRÊS MARIAS",621.54
2005-04-27,"TRÊS MARIAS",391.46
2005-04-28,"TRÊS MARIAS",380.84
2005-04-29,"TRÊS MARIAS",397.57
2005-04-30,"TRÊS MARIAS",1869
2005-05-01,"TRÊS MARIAS",1185.56
2005-05-02,"TRÊS MARIAS",505
2005-05-03,"TRÊS MARIAS",620.43
2005-05-04,"TRÊS MARIAS",617.54
2005-05-05,"TRÊS MARIAS",618.43
2005-05-06,"TRÊS MARIAS",505
2005-05-07,"TRÊS MARIAS",391.57
2005-05-08,"TRÊS MARIAS",504
2005-05-09,"TRÊS MARIAS",396.46
2005-05-10,"TRÊS MARIAS",392.57
2005-05-11,"TRÊS MARIAS",597
2005-05-12,"TRÊS MARIAS",272.26
2005-05-13,"TRÊS MARIAS",391.57
2005-05-14,"TRÊS MARIAS",503
2005-05-15,"TRÊS MARIAS",278.03
2005-05-16,"TRÊS MARIAS",502
2005-05-17,"TRÊS MARIAS",387.57
2005-05-18,"TRÊS MARIAS",273.26
2005-05-19,"TRÊS MARIAS",368.03
2005-05-20,"TRÊS MARIAS",396.57
2005-05-21,"TRÊS MARIAS",395.69
2005-05-22,"TRÊS MARIAS",396.57
2005-05-23,"TRÊS MARIAS",392.46
2005-05-24,"TRÊS MARIAS",281.15
2005-05-25,"TRÊS MARIAS",509
2005-05-26,"TRÊS MARIAS",850.85
2005-05-27,"TRÊS MARIAS",628
2005-05-28,"TRÊS MARIAS",741.54
2005-05-29,"TRÊS MARIAS",747.43
2005-05-30,"TRÊS MARIAS",617
2005-05-31,"TRÊS MARIAS",621.31
2005-06-01,"TRÊS MARIAS",505
2005-06-02,"TRÊS MARIAS",502
2005-06-03,"TRÊS MARIAS",273.26
2005-06-04,"TRÊS MARIAS",403.46
2005-06-05,"TRÊS MARIAS",398.57
2005-06-06,"TRÊS MARIAS",386.57
2005-06-07,"TRÊS MARIAS",395.69
2005-06-08,"TRÊS MARIAS",286.03
2005-06-09,"TRÊS MARIAS",393.57
2005-06-10,"TRÊS MARIAS",398.57
2005-06-11,"TRÊS MARIAS",276.26
2005-06-12,"TRÊS MARIAS",401.46
2005-06-13,"TRÊS MARIAS",334.15
2005-06-14,"TRÊS MARIAS",277.26
2005-06-15,"TRÊS MARIAS",440.46
2005-06-16,"TRÊS MARIAS",315.84
2005-06-17,"TRÊS MARIAS",292.61
2005-06-18,"TRÊS MARIAS",389.57
2005-06-19,"TRÊS MARIAS",279.26
2005-06-20,"TRÊS MARIAS",618.43
2005-06-21,"TRÊS MARIAS",276.03
2005-06-22,"TRÊS MARIAS",275.15
2005-06-23,"TRÊS MARIAS",274.26
2005-06-24,"TRÊS MARIAS",390.46
2005-06-25,"TRÊS MARIAS",437.57
2005-06-26,"TRÊS MARIAS",265.26
2005-06-27,"TRÊS MARIAS",282.66
2005-06-28,"TRÊS MARIAS",503
2005-06-29,"TRÊS MARIAS",286.52
2005-06-30,"TRÊS MARIAS",291.41
2005-07-01,"TRÊS MARIAS",263.61
2005-07-02,"TRÊS MARIAS",373.41
2005-07-03,"TRÊS MARIAS",319.41
2005-07-04,"TRÊS MARIAS",264.61
2005-07-05,"TRÊS MARIAS",322.41
2005-07-06,"TRÊS MARIAS",325.41
2005-07-07,"TRÊS MARIAS",384.29
2005-07-08,"TRÊS MARIAS",225.73
2005-07-09,"TRÊS MARIAS",213.61
2005-07-10,"TRÊS MARIAS",366.41
2005-07-11,"TRÊS MARIAS",154.81
2005-07-12,"TRÊS MARIAS",241.5
2005-07-13,"TRÊS MARIAS",153.93
2005-07-14,"TRÊS MARIAS",370.41
2005-07-15,"TRÊS MARIAS",263.61
2005-07-16,"TRÊS MARIAS",260.61
2005-07-17,"TRÊS MARIAS",264.5
2005-07-18,"TRÊS MARIAS",376.52
2005-07-19,"TRÊS MARIAS",260.5
2005-07-20,"TRÊS MARIAS",262.73
2005-07-21,"TRÊS MARIAS",46.02
2005-07-22,"TRÊS MARIAS",263.61
2005-07-23,"TRÊS MARIAS",372.41
2005-07-24,"TRÊS MARIAS",253.61
2005-07-25,"TRÊS MARIAS",372.41
2005-07-26,"TRÊS MARIAS",157.81
2005-07-27,"TRÊS MARIAS",372.41
2005-07-28,"TRÊS MARIAS",157.81
2005-07-29,"TRÊS MARIAS",377.29
2005-07-30,"TRÊS MARIAS",264.73
2005-07-31,"TRÊS MARIAS",151.81
2005-08-01,"TRÊS MARIAS",246.5
2005-08-02,"TRÊS MARIAS",227.93
2005-08-03,"TRÊS MARIAS",306.39
2005-08-04,"TRÊS MARIAS",201.74
2005-08-05,"TRÊS MARIAS",295.5
2005-08-06,"TRÊS MARIAS",196.85
2005-08-07,"TRÊS MARIAS",296.27
2005-08-08,"TRÊS MARIAS",198.85
2005-08-09,"TRÊS MARIAS",201.97
2005-08-10,"TRÊS MARIAS",303.39
2005-08-11,"TRÊS MARIAS",282.27
2005-08-12,"TRÊS MARIAS",200.97
2005-08-13,"TRÊS MARIAS",201.85
2005-08-14,"TRÊS MARIAS",299.27
2005-08-15,"TRÊS MARIAS",297.5
2005-08-16,"TRÊS MARIAS",200.85
2005-08-17,"TRÊS MARIAS",219.85
2005-08-18,"TRÊS MARIAS",223.74
2005-08-19,"TRÊS MARIAS",203.85
2005-08-20,"TRÊS MARIAS",203.97
2005-08-21,"TRÊS MARIAS",306.39
2005-08-22,"TRÊS MARIAS",104.31
2005-08-23,"TRÊS MARIAS",204.74
2005-08-24,"TRÊS MARIAS",207.85
2005-08-25,"TRÊS MARIAS",204.97
2005-08-26,"TRÊS MARIAS",210.85
2005-08-27,"TRÊS MARIAS",201.85
2005-08-28,"TRÊS MARIAS",304.27
2005-08-29,"TRÊS MARIAS",112.31
2005-08-30,"TRÊS MARIAS",309.5
2005-08-31,"TRÊS MARIAS",117.57
2005-09-01,"TRÊS MARIAS",315.59
2005-09-02,"TRÊS MARIAS",310.5
2005-09-03,"TRÊS MARIAS",25.24
2005-09-04,"TRÊS MARIAS",285.5
2005-09-05,"TRÊS MARIAS",115.31
2005-09-06,"TRÊS MARIAS",317.02
2005-09-07,"TRÊS MARIAS",108.14
2005-09-08,"TRÊS MARIAS",245.17
2005-09-09,"TRÊS MARIAS",231.23
2005-09-10,"TRÊS MARIAS",103.31
2005-09-11,"TRÊS MARIAS",293.85
2005-09-12,"TRÊS MARIAS",212.8
2005-09-13,"TRÊS MARIAS",182.9
2005-09-14,"TRÊS MARIAS",201.5
2005-09-15,"TRÊS MARIAS",211.02
2005-09-16,"TRÊS MARIAS",210.33
2005-09-17,"TRÊS MARIAS",213.39
2005-09-18,"TRÊS MARIAS",32.31
2005-09-19,"TRÊS MARIAS",221.48
2005-09-20,"TRÊS MARIAS",229.68
2005-09-21,"TRÊS MARIAS",323.5
2005-09-22,"TRÊS MARIAS",228.8
2005-09-23,"TRÊS MARIAS",125.94
2005-09-24,"TRÊS MARIAS",229.48
2005-09-25,"TRÊS MARIAS",420.56
2005-09-26,"TRÊS MARIAS",227.11
2005-09-27,"TRÊS MARIAS",421.56
2005-09-28,"TRÊS MARIAS",86.89
2005-09-29,"TRÊS MARIAS",238.11
2005-09-30,"TRÊS MARIAS",238.11
2005-10-01,"TRÊS MARIAS",235.11
2005-10-02,"TRÊS MARIAS",230
2005-10-03,"TRÊS MARIAS",207.23
2005-10-04,"TRÊS MARIAS",210.11
2005-10-05,"TRÊS MARIAS",145.89
2005-10-06,"TRÊS MARIAS",329.33
2005-10-07,"TRÊS MARIAS",40.67
2005-10-08,"TRÊS MARIAS",152.89
2005-10-09,"TRÊS MARIAS",151.89
2005-10-10,"TRÊS MARIAS",254.11
2005-10-11,"TRÊS MARIAS",140.89
2005-10-12,"TRÊS MARIAS",143.89
2005-10-13,"TRÊS MARIAS",140.89
2005-10-14,"TRÊS MARIAS",46.67
2005-10-15,"TRÊS MARIAS",147.89
2005-10-16,"TRÊS MARIAS",138.89
2005-10-17,"TRÊS MARIAS",146.83
2005-10-18,"TRÊS MARIAS",197.74
2005-10-19,"TRÊS MARIAS",145.52
2005-10-20,"TRÊS MARIAS",152.83
2005-10-21,"TRÊS MARIAS",147.52
2005-10-22,"TRÊS MARIAS",58.61
2005-10-23,"TRÊS MARIAS",160.83
2005-10-24,"TRÊS MARIAS",150.52
2005-10-25,"TRÊS MARIAS",152.83
2005-10-26,"TRÊS MARIAS",162.52
2005-10-27,"TRÊS MARIAS",59.93
2005-10-28,"TRÊS MARIAS",160.2
2005-10-29,"TRÊS MARIAS",161.15
2005-10-30,"TRÊS MARIAS",160.2
2005-10-31,"TRÊS MARIAS",219.06
2005-11-01,"TRÊS MARIAS",485.09
2005-11-02,"TRÊS MARIAS",829.81
2005-11-03,"TRÊS MARIAS",355.28
2005-11-04,"TRÊS MARIAS",547.66
2005-11-05,"TRÊS MARIAS",531.89
2005-11-06,"TRÊS MARIAS",254.43
2005-11-07,"TRÊS MARIAS",282.37
2005-11-08,"TRÊS MARIAS",444.56
2005-11-09,"TRÊS MARIAS",640
2005-11-10,"TRÊS MARIAS",226.43
2005-11-11,"TRÊS MARIAS",851.91
2005-11-12,"TRÊS MARIAS",450.19
2005-11-13,"TRÊS MARIAS",437.19
2005-11-14,"TRÊS MARIAS",352.65
2005-11-15,"TRÊS MARIAS",355.33
2005-11-16,"TRÊS MARIAS",359.28
2005-11-17,"TRÊS MARIAS",449.19
2005-11-18,"TRÊS MARIAS",833.81
2005-11-19,"TRÊS MARIAS",829.81
2005-11-20,"TRÊS MARIAS",727.91
2005-11-21,"TRÊS MARIAS",811.44
2005-11-22,"TRÊS MARIAS",1016.57
2005-11-23,"TRÊS MARIAS",747.91
2005-11-24,"TRÊS MARIAS",923.72
2005-11-25,"TRÊS MARIAS",999.67
2005-11-26,"TRÊS MARIAS",1893
2005-11-27,"TRÊS MARIAS",1460.74
2005-11-28,"TRÊS MARIAS",1111.54
2005-11-29,"TRÊS MARIAS",1212.11
2005-11-30,"TRÊS MARIAS",1182.76
2005-12-01,"TRÊS MARIAS",930.55
2005-12-02,"TRÊS MARIAS",834.25
2005-12-03,"TRÊS MARIAS",728.91
2005-12-04,"TRÊS MARIAS",825.81
2005-12-05,"TRÊS MARIAS",830.13
2005-12-06,"TRÊS MARIAS",926.55
2005-12-07,"TRÊS MARIAS",1788.89
2005-12-08,"TRÊS MARIAS",1412.4
2005-12-09,"TRÊS MARIAS",1398.32
2005-12-10,"TRÊS MARIAS",1384.2
2005-12-11,"TRÊS MARIAS",2198.56
2005-12-12,"TRÊS MARIAS",2180.56
2005-12-13,"TRÊS MARIAS",1913.55
2005-12-14,"TRÊS MARIAS",2233.67
2005-12-15,"TRÊS MARIAS",4263.78
2005-12-16,"TRÊS MARIAS",3166.04
2005-12-17,"TRÊS MARIAS",2698.48
2005-12-18,"TRÊS MARIAS",2219.57
2005-12-19,"TRÊS MARIAS",1791.55
2005-12-20,"TRÊS MARIAS",1768.88
2005-12-21,"TRÊS MARIAS",1602
2005-12-22,"TRÊS MARIAS",1392.02
2005-12-23,"TRÊS MARIAS",1142.68
2005-12-24,"TRÊS MARIAS",1172.97
2005-12-25,"TRÊS MARIAS",1227
2005-12-26,"TRÊS MARIAS",1068.11
2005-12-27,"TRÊS MARIAS",1027.44
2005-12-28,"TRÊS MARIAS",902.97
2005-12-29,"TRÊS MARIAS",1106.56
2005-12-30,"TRÊS MARIAS",881.33
2005-12-31,"TRÊS MARIAS",874.39
