"Data","Reservatório","Nivel"
"1/1/1999 ","TRÊS MARIAS",560.19
"1/2/1999 ","TRÊS MARIAS",560.28
"1/3/1999 ","TRÊS MARIAS",560.35
"1/4/1999 ","TRÊS MARIAS",560.47
"1/5/1999 ","TRÊS MARIAS",560.62
"1/6/1999 ","TRÊS MARIAS",560.78
"1/7/1999 ","TRÊS MARIAS",560.9
"1/8/1999 ","TRÊS MARIAS",561.03
"1/9/1999 ","TRÊS MARIAS",561.15
"1/10/1999 ","TRÊS MARIAS",561.25
"1/11/1999 ","TRÊS MARIAS",561.31
"1/12/1999 ","TRÊS MARIAS",561.37
"1/13/1999 ","TRÊS MARIAS",561.42
"1/14/1999 ","TRÊS MARIAS",561.46
"1/15/1999 ","TRÊS MARIAS",561.5
"1/16/1999 ","TRÊS MARIAS",561.51
"1/17/1999 ","TRÊS MARIAS",561.52
"1/18/1999 ","TRÊS MARIAS",561.53
"1/19/1999 ","TRÊS MARIAS",561.53
"1/20/1999 ","TRÊS MARIAS",561.53
"1/21/1999 ","TRÊS MARIAS",561.55
"1/22/1999 ","TRÊS MARIAS",561.52
"1/23/1999 ","TRÊS MARIAS",561.5
"1/24/1999 ","TRÊS MARIAS",561.49
"1/25/1999 ","TRÊS MARIAS",561.46
"1/26/1999 ","TRÊS MARIAS",561.45
"1/27/1999 ","TRÊS MARIAS",561.43
"1/28/1999 ","TRÊS MARIAS",561.43
"1/29/1999 ","TRÊS MARIAS",561.41
"1/30/1999 ","TRÊS MARIAS",561.45
"1/31/1999 ","TRÊS MARIAS",561.47
"2/1/1999 ","TRÊS MARIAS",561.5
"2/2/1999 ","TRÊS MARIAS",561.5
"2/3/1999 ","TRÊS MARIAS",561.52
"2/4/1999 ","TRÊS MARIAS",561.54
"2/5/1999 ","TRÊS MARIAS",561.54
"2/6/1999 ","TRÊS MARIAS",561.54
"2/7/1999 ","TRÊS MARIAS",561.52
"2/8/1999 ","TRÊS MARIAS",561.5
"2/9/1999 ","TRÊS MARIAS",561.48
"2/10/1999 ","TRÊS MARIAS",561.46
"2/11/1999 ","TRÊS MARIAS",561.5
"2/12/1999 ","TRÊS MARIAS",561.45
"2/13/1999 ","TRÊS MARIAS",561.44
"2/14/1999 ","TRÊS MARIAS",561.41
"2/15/1999 ","TRÊS MARIAS",561.39
"2/16/1999 ","TRÊS MARIAS",561.37
"2/17/1999 ","TRÊS MARIAS",561.35
"2/18/1999 ","TRÊS MARIAS",561.37
"2/19/1999 ","TRÊS MARIAS",561.36
"2/20/1999 ","TRÊS MARIAS",561.35
"2/21/1999 ","TRÊS MARIAS",561.35
"2/22/1999 ","TRÊS MARIAS",561.35
"2/23/1999 ","TRÊS MARIAS",561.37
"2/24/1999 ","TRÊS MARIAS",561.4
"2/25/1999 ","TRÊS MARIAS",561.41
"2/26/1999 ","TRÊS MARIAS",561.45
"2/27/1999 ","TRÊS MARIAS",561.52
"2/28/1999 ","TRÊS MARIAS",561.68
"3/1/1999 ","TRÊS MARIAS",562.02
"3/2/1999 ","TRÊS MARIAS",562.31
"3/3/1999 ","TRÊS MARIAS",562.5
"3/4/1999 ","TRÊS MARIAS",562.72
"3/5/1999 ","TRÊS MARIAS",562.93
"3/6/1999 ","TRÊS MARIAS",563.06
"3/7/1999 ","TRÊS MARIAS",563.32
"3/8/1999 ","TRÊS MARIAS",563.65
"3/9/1999 ","TRÊS MARIAS",563.89
"3/10/1999 ","TRÊS MARIAS",564.14
"3/11/1999 ","TRÊS MARIAS",564.35
"3/12/1999 ","TRÊS MARIAS",564.52
"3/13/1999 ","TRÊS MARIAS",564.73
"3/14/1999 ","TRÊS MARIAS",564.88
"3/15/1999 ","TRÊS MARIAS",565.03
"3/16/1999 ","TRÊS MARIAS",565.15
"3/17/1999 ","TRÊS MARIAS",565.32
"3/18/1999 ","TRÊS MARIAS",565.42
"3/19/1999 ","TRÊS MARIAS",565.49
"3/20/1999 ","TRÊS MARIAS",565.57
"3/21/1999 ","TRÊS MARIAS",565.64
"3/22/1999 ","TRÊS MARIAS",565.68
"3/23/1999 ","TRÊS MARIAS",565.74
"3/24/1999 ","TRÊS MARIAS",565.78
"3/25/1999 ","TRÊS MARIAS",565.84
"3/26/1999 ","TRÊS MARIAS",565.89
"3/27/1999 ","TRÊS MARIAS",565.95
"3/28/1999 ","TRÊS MARIAS",565.99
"3/29/1999 ","TRÊS MARIAS",566.04
"3/30/1999 ","TRÊS MARIAS",566.06
"3/31/1999 ","TRÊS MARIAS",566.07
"4/1/1999 ","TRÊS MARIAS",566.1
"4/2/1999 ","TRÊS MARIAS",566.1
"4/3/1999 ","TRÊS MARIAS",566.12
"4/4/1999 ","TRÊS MARIAS",566.11
"4/5/1999 ","TRÊS MARIAS",566.13
"4/6/1999 ","TRÊS MARIAS",566.13
"4/7/1999 ","TRÊS MARIAS",566.13
"4/8/1999 ","TRÊS MARIAS",566.13
"4/9/1999 ","TRÊS MARIAS",566.12
"4/10/1999 ","TRÊS MARIAS",566.12
"4/11/1999 ","TRÊS MARIAS",566.1
"4/12/1999 ","TRÊS MARIAS",566.1
"4/13/1999 ","TRÊS MARIAS",566.09
"4/14/1999 ","TRÊS MARIAS",566.08
"4/15/1999 ","TRÊS MARIAS",566.07
"4/16/1999 ","TRÊS MARIAS",566.05
"4/17/1999 ","TRÊS MARIAS",566.05
"4/18/1999 ","TRÊS MARIAS",566.05
"4/19/1999 ","TRÊS MARIAS",566.04
"4/20/1999 ","TRÊS MARIAS",566.03
"4/21/1999 ","TRÊS MARIAS",566.03
"4/22/1999 ","TRÊS MARIAS",566.03
"4/23/1999 ","TRÊS MARIAS",566
"4/24/1999 ","TRÊS MARIAS",565.98
"4/25/1999 ","TRÊS MARIAS",565.95
"4/26/1999 ","TRÊS MARIAS",565.93
"4/27/1999 ","TRÊS MARIAS",565.92
"4/28/1999 ","TRÊS MARIAS",565.9
"4/29/1999 ","TRÊS MARIAS",565.87
"4/30/1999 ","TRÊS MARIAS",565.85
"5/1/1999 ","TRÊS MARIAS",565.83
"5/2/1999 ","TRÊS MARIAS",565.81
"5/3/1999 ","TRÊS MARIAS",565.78
"5/4/1999 ","TRÊS MARIAS",565.76
"5/5/1999 ","TRÊS MARIAS",565.73
"5/6/1999 ","TRÊS MARIAS",565.7
"5/7/1999 ","TRÊS MARIAS",565.67
"5/8/1999 ","TRÊS MARIAS",565.65
"5/9/1999 ","TRÊS MARIAS",565.63
"5/10/1999 ","TRÊS MARIAS",565.61
"5/11/1999 ","TRÊS MARIAS",565.57
"5/12/1999 ","TRÊS MARIAS",565.53
"5/13/1999 ","TRÊS MARIAS",565.51
"5/14/1999 ","TRÊS MARIAS",565.49
"5/15/1999 ","TRÊS MARIAS",565.47
"5/16/1999 ","TRÊS MARIAS",565.42
"5/17/1999 ","TRÊS MARIAS",565.38
"5/18/1999 ","TRÊS MARIAS",565.34
"5/19/1999 ","TRÊS MARIAS",565.29
"5/20/1999 ","TRÊS MARIAS",565.26
"5/21/1999 ","TRÊS MARIAS",565.2
"5/22/1999 ","TRÊS MARIAS",565.16
"5/23/1999 ","TRÊS MARIAS",565.13
"5/24/1999 ","TRÊS MARIAS",565.1
"5/25/1999 ","TRÊS MARIAS",565.05
"5/26/1999 ","TRÊS MARIAS",565.01
"5/27/1999 ","TRÊS MARIAS",564.98
"5/28/1999 ","TRÊS MARIAS",564.94
"5/29/1999 ","TRÊS MARIAS",564.89
"5/30/1999 ","TRÊS MARIAS",564.89
"5/31/1999 ","TRÊS MARIAS",564.86
"6/1/1999 ","TRÊS MARIAS",564.81
"6/2/1999 ","TRÊS MARIAS",564.76
"6/3/1999 ","TRÊS MARIAS",564.72
"6/4/1999 ","TRÊS MARIAS",564.68
"6/5/1999 ","TRÊS MARIAS",564.64
"6/6/1999 ","TRÊS MARIAS",564.6
"6/7/1999 ","TRÊS MARIAS",564.55
"6/8/1999 ","TRÊS MARIAS",564.5
"6/9/1999 ","TRÊS MARIAS",564.45
"6/10/1999 ","TRÊS MARIAS",564.41
"6/11/1999 ","TRÊS MARIAS",564.37
"6/12/1999 ","TRÊS MARIAS",564.32
"6/13/1999 ","TRÊS MARIAS",564.28
"6/14/1999 ","TRÊS MARIAS",564.24
"6/15/1999 ","TRÊS MARIAS",564.2
"6/16/1999 ","TRÊS MARIAS",564.16
"6/17/1999 ","TRÊS MARIAS",564.12
"6/18/1999 ","TRÊS MARIAS",564.09
"6/19/1999 ","TRÊS MARIAS",564.03
"6/20/1999 ","TRÊS MARIAS",564
"6/21/1999 ","TRÊS MARIAS",563.98
"6/22/1999 ","TRÊS MARIAS",563.94
"6/23/1999 ","TRÊS MARIAS",563.89
"6/24/1999 ","TRÊS MARIAS",563.84
"6/25/1999 ","TRÊS MARIAS",563.81
"6/26/1999 ","TRÊS MARIAS",563.76
"6/27/1999 ","TRÊS MARIAS",563.72
"6/28/1999 ","TRÊS MARIAS",563.67
"6/29/1999 ","TRÊS MARIAS",563.61
"6/30/1999 ","TRÊS MARIAS",563.55
"7/1/1999 ","TRÊS MARIAS",563.49
"7/2/1999 ","TRÊS MARIAS",563.42
"7/3/1999 ","TRÊS MARIAS",563.38
"7/4/1999 ","TRÊS MARIAS",563.34
"7/5/1999 ","TRÊS MARIAS",563.3
"7/6/1999 ","TRÊS MARIAS",563.26
"7/7/1999 ","TRÊS MARIAS",563.21
"7/8/1999 ","TRÊS MARIAS",563.15
"7/9/1999 ","TRÊS MARIAS",563.1
"7/10/1999 ","TRÊS MARIAS",563.05
"7/11/1999 ","TRÊS MARIAS",562.99
"7/12/1999 ","TRÊS MARIAS",562.93
"7/13/1999 ","TRÊS MARIAS",562.86
"7/14/1999 ","TRÊS MARIAS",562.78
"7/15/1999 ","TRÊS MARIAS",562.72
"7/16/1999 ","TRÊS MARIAS",562.67
"7/17/1999 ","TRÊS MARIAS",562.62
"7/18/1999 ","TRÊS MARIAS",562.58
"7/19/1999 ","TRÊS MARIAS",562.52
"7/20/1999 ","TRÊS MARIAS",562.45
"7/21/1999 ","TRÊS MARIAS",562.39
"7/22/1999 ","TRÊS MARIAS",562.35
"7/23/1999 ","TRÊS MARIAS",562.29
"7/24/1999 ","TRÊS MARIAS",562.24
"7/25/1999 ","TRÊS MARIAS",562.19
"7/26/1999 ","TRÊS MARIAS",562.13
"7/27/1999 ","TRÊS MARIAS",562.07
"7/28/1999 ","TRÊS MARIAS",562.01
"7/29/1999 ","TRÊS MARIAS",561.95
"7/30/1999 ","TRÊS MARIAS",561.89
"7/31/1999 ","TRÊS MARIAS",561.84
"8/1/1999 ","TRÊS MARIAS",561.78
"8/2/1999 ","TRÊS MARIAS",561.72
"8/3/1999 ","TRÊS MARIAS",561.65
"8/4/1999 ","TRÊS MARIAS",561.59
"8/5/1999 ","TRÊS MARIAS",561.53
"8/6/1999 ","TRÊS MARIAS",561.46
"8/7/1999 ","TRÊS MARIAS",561.39
"8/8/1999 ","TRÊS MARIAS",561.33
"8/9/1999 ","TRÊS MARIAS",561.27
"8/10/1999 ","TRÊS MARIAS",561.22
"8/11/1999 ","TRÊS MARIAS",561.15
"8/12/1999 ","TRÊS MARIAS",561.08
"8/13/1999 ","TRÊS MARIAS",561.01
"8/14/1999 ","TRÊS MARIAS",560.96
"8/15/1999 ","TRÊS MARIAS",560.9
"8/16/1999 ","TRÊS MARIAS",560.83
"8/17/1999 ","TRÊS MARIAS",560.76
"8/18/1999 ","TRÊS MARIAS",560.69
"8/19/1999 ","TRÊS MARIAS",560.62
"8/20/1999 ","TRÊS MARIAS",560.55
"8/21/1999 ","TRÊS MARIAS",560.48
"8/22/1999 ","TRÊS MARIAS",560.41
"8/23/1999 ","TRÊS MARIAS",560.35
"8/24/1999 ","TRÊS MARIAS",560.28
"8/25/1999 ","TRÊS MARIAS",560.2
"8/26/1999 ","TRÊS MARIAS",560.12
"8/27/1999 ","TRÊS MARIAS",560.05
"8/28/1999 ","TRÊS MARIAS",559.98
"8/29/1999 ","TRÊS MARIAS",559.92
"8/30/1999 ","TRÊS MARIAS",559.84
"8/31/1999 ","TRÊS MARIAS",559.77
"9/1/1999 ","TRÊS MARIAS",559.7
"9/2/1999 ","TRÊS MARIAS",559.62
"9/3/1999 ","TRÊS MARIAS",559.56
"9/4/1999 ","TRÊS MARIAS",559.49
"9/5/1999 ","TRÊS MARIAS",559.42
"9/6/1999 ","TRÊS MARIAS",559.36
"9/7/1999 ","TRÊS MARIAS",559.29
"9/8/1999 ","TRÊS MARIAS",559.22
"9/9/1999 ","TRÊS MARIAS",559.16
"9/10/1999 ","TRÊS MARIAS",559.1
"9/11/1999 ","TRÊS MARIAS",559.03
"9/12/1999 ","TRÊS MARIAS",558.96
"9/13/1999 ","TRÊS MARIAS",558.89
"9/14/1999 ","TRÊS MARIAS",558.82
"9/15/1999 ","TRÊS MARIAS",558.75
"9/16/1999 ","TRÊS MARIAS",558.7
"9/17/1999 ","TRÊS MARIAS",558.63
"9/18/1999 ","TRÊS MARIAS",558.56
"9/19/1999 ","TRÊS MARIAS",558.5
"9/20/1999 ","TRÊS MARIAS",558.45
"9/21/1999 ","TRÊS MARIAS",558.4
"9/22/1999 ","TRÊS MARIAS",558.33
"9/23/1999 ","TRÊS MARIAS",558.28
"9/24/1999 ","TRÊS MARIAS",558.22
"9/25/1999 ","TRÊS MARIAS",558.15
"9/26/1999 ","TRÊS MARIAS",558.08
"9/27/1999 ","TRÊS MARIAS",558.01
"9/28/1999 ","TRÊS MARIAS",557.94
"9/29/1999 ","TRÊS MARIAS",557.88
"9/30/1999 ","TRÊS MARIAS",557.81
"10/1/1999 ","TRÊS MARIAS",557.74
"10/2/1999 ","TRÊS MARIAS",557.69
"10/3/1999 ","TRÊS MARIAS",557.62
"10/4/1999 ","TRÊS MARIAS",557.57
"10/5/1999 ","TRÊS MARIAS",557.51
"10/6/1999 ","TRÊS MARIAS",557.46
"10/7/1999 ","TRÊS MARIAS",557.39
"10/8/1999 ","TRÊS MARIAS",557.33
"10/9/1999 ","TRÊS MARIAS",557.26
"10/10/1999 ","TRÊS MARIAS",557.2
"10/11/1999 ","TRÊS MARIAS",557.13
"10/12/1999 ","TRÊS MARIAS",557.06
"10/13/1999 ","TRÊS MARIAS",556.99
"10/14/1999 ","TRÊS MARIAS",556.92
"10/15/1999 ","TRÊS MARIAS",556.85
"10/16/1999 ","TRÊS MARIAS",556.78
"10/17/1999 ","TRÊS MARIAS",556.71
"10/18/1999 ","TRÊS MARIAS",556.64
"10/19/1999 ","TRÊS MARIAS",556.57
"10/20/1999 ","TRÊS MARIAS",556.5
"10/21/1999 ","TRÊS MARIAS",556.43
"10/22/1999 ","TRÊS MARIAS",556.36
"10/23/1999 ","TRÊS MARIAS",556.29
"10/24/1999 ","TRÊS MARIAS",556.22
"10/25/1999 ","TRÊS MARIAS",556.15
"10/26/1999 ","TRÊS MARIAS",556.08
"10/27/1999 ","TRÊS MARIAS",556.09
"10/28/1999 ","TRÊS MARIAS",556.05
"10/29/1999 ","TRÊS MARIAS",556.01
"10/30/1999 ","TRÊS MARIAS",555.94
"10/31/1999 ","TRÊS MARIAS",555.88
"11/1/1999 ","TRÊS MARIAS",555.82
"11/2/1999 ","TRÊS MARIAS",555.75
"11/3/1999 ","TRÊS MARIAS",555.68
"11/4/1999 ","TRÊS MARIAS",555.61
"11/5/1999 ","TRÊS MARIAS",555.55
"11/6/1999 ","TRÊS MARIAS",555.49
"11/7/1999 ","TRÊS MARIAS",555.48
"11/8/1999 ","TRÊS MARIAS",555.53
"11/9/1999 ","TRÊS MARIAS",555.55
"11/10/1999 ","TRÊS MARIAS",555.6
"11/11/1999 ","TRÊS MARIAS",555.62
"11/12/1999 ","TRÊS MARIAS",555.63
"11/13/1999 ","TRÊS MARIAS",555.68
"11/14/1999 ","TRÊS MARIAS",555.69
"11/15/1999 ","TRÊS MARIAS",555.72
"11/16/1999 ","TRÊS MARIAS",555.7
"11/17/1999 ","TRÊS MARIAS",555.69
"11/18/1999 ","TRÊS MARIAS",555.74
"11/19/1999 ","TRÊS MARIAS",555.72
"11/20/1999 ","TRÊS MARIAS",555.98
"11/21/1999 ","TRÊS MARIAS",556.08
"11/22/1999 ","TRÊS MARIAS",556.11
"11/23/1999 ","TRÊS MARIAS",556.15
"11/24/1999 ","TRÊS MARIAS",556.19
"11/25/1999 ","TRÊS MARIAS",556.46
"11/26/1999 ","TRÊS MARIAS",556.46
"11/27/1999 ","TRÊS MARIAS",556.46
"11/28/1999 ","TRÊS MARIAS",556.63
"11/29/1999 ","TRÊS MARIAS",556.7
"11/30/1999 ","TRÊS MARIAS",556.73
"12/1/1999 ","TRÊS MARIAS",556.68
"12/2/1999 ","TRÊS MARIAS",556.63
"12/3/1999 ","TRÊS MARIAS",556.59
"12/4/1999 ","TRÊS MARIAS",556.52
"12/5/1999 ","TRÊS MARIAS",556.59
"12/6/1999 ","TRÊS MARIAS",556.57
"12/7/1999 ","TRÊS MARIAS",556.52
"12/8/1999 ","TRÊS MARIAS",556.58
"12/9/1999 ","TRÊS MARIAS",556.58
"12/10/1999 ","TRÊS MARIAS",556.56
"12/11/1999 ","TRÊS MARIAS",556.59
"12/12/1999 ","TRÊS MARIAS",556.63
"12/13/1999 ","TRÊS MARIAS",556.69
"12/14/1999 ","TRÊS MARIAS",556.75
"12/15/1999 ","TRÊS MARIAS",556.85
"12/16/1999 ","TRÊS MARIAS",556.99
"12/17/1999 ","TRÊS MARIAS",557.02
"12/18/1999 ","TRÊS MARIAS",557.05
"12/19/1999 ","TRÊS MARIAS",557.16
"12/20/1999 ","TRÊS MARIAS",557.15
"12/21/1999 ","TRÊS MARIAS",557.07
"12/22/1999 ","TRÊS MARIAS",557.01
"12/23/1999 ","TRÊS MARIAS",557.03
"12/24/1999 ","TRÊS MARIAS",557.16
"12/25/1999 ","TRÊS MARIAS",557.2
"12/26/1999 ","TRÊS MARIAS",557.27
"12/27/1999 ","TRÊS MARIAS",557.32
"12/28/1999 ","TRÊS MARIAS",557.36
"12/29/1999 ","TRÊS MARIAS",557.41
"12/30/1999 ","TRÊS MARIAS",557.47
"12/31/1999 ","TRÊS MARIAS",557.57
"1/1/2000 ","TRÊS MARIAS",557.74
"1/2/2000 ","TRÊS MARIAS",557.83
"1/3/2000 ","TRÊS MARIAS",557.99
"1/4/2000 ","TRÊS MARIAS",558.2
"1/5/2000 ","TRÊS MARIAS",558.37
"1/6/2000 ","TRÊS MARIAS",558.55
"1/7/2000 ","TRÊS MARIAS",558.72
"1/8/2000 ","TRÊS MARIAS",558.86
"1/9/2000 ","TRÊS MARIAS",558.99
"1/10/2000 ","TRÊS MARIAS",559.08
"1/11/2000 ","TRÊS MARIAS",559.17
"1/12/2000 ","TRÊS MARIAS",559.24
"1/13/2000 ","TRÊS MARIAS",559.3
"1/14/2000 ","TRÊS MARIAS",559.34
"1/15/2000 ","TRÊS MARIAS",559.38
"1/16/2000 ","TRÊS MARIAS",559.39
"1/17/2000 ","TRÊS MARIAS",559.42
"1/18/2000 ","TRÊS MARIAS",559.45
"1/19/2000 ","TRÊS MARIAS",559.5
"1/20/2000 ","TRÊS MARIAS",559.59
"1/21/2000 ","TRÊS MARIAS",559.68
"1/22/2000 ","TRÊS MARIAS",559.76
"1/23/2000 ","TRÊS MARIAS",559.79
"1/24/2000 ","TRÊS MARIAS",559.87
"1/25/2000 ","TRÊS MARIAS",559.9
"1/26/2000 ","TRÊS MARIAS",559.9
"1/27/2000 ","TRÊS MARIAS",559.97
"1/28/2000 ","TRÊS MARIAS",560.04
"1/29/2000 ","TRÊS MARIAS",560.13
"1/30/2000 ","TRÊS MARIAS",560.31
"1/31/2000 ","TRÊS MARIAS",560.51
"2/1/2000 ","TRÊS MARIAS",560.51
"2/2/2000 ","TRÊS MARIAS",561.43
"2/3/2000 ","TRÊS MARIAS",561.81
"2/4/2000 ","TRÊS MARIAS",562.09
"2/5/2000 ","TRÊS MARIAS",562.33
"2/6/2000 ","TRÊS MARIAS",562.52
"2/7/2000 ","TRÊS MARIAS",562.68
"2/8/2000 ","TRÊS MARIAS",563.05
"2/9/2000 ","TRÊS MARIAS",563.42
"2/10/2000 ","TRÊS MARIAS",563.76
"2/11/2000 ","TRÊS MARIAS",564.07
"2/12/2000 ","TRÊS MARIAS",564.07
"2/13/2000 ","TRÊS MARIAS",564.53
"2/14/2000 ","TRÊS MARIAS",564.71
"2/15/2000 ","TRÊS MARIAS",564.86
"2/16/2000 ","TRÊS MARIAS",564.98
"2/17/2000 ","TRÊS MARIAS",565.12
"2/18/2000 ","TRÊS MARIAS",565.25
"2/19/2000 ","TRÊS MARIAS",565.37
"2/20/2000 ","TRÊS MARIAS",565.5
"2/21/2000 ","TRÊS MARIAS",565.6
"2/22/2000 ","TRÊS MARIAS",565.7
"2/23/2000 ","TRÊS MARIAS",565.78
"2/24/2000 ","TRÊS MARIAS",565.85
"2/25/2000 ","TRÊS MARIAS",565.91
"2/26/2000 ","TRÊS MARIAS",565.98
"2/27/2000 ","TRÊS MARIAS",566.06
"2/28/2000 ","TRÊS MARIAS",566.11
"2/29/2000 ","TRÊS MARIAS",566.18
"3/1/2000 ","TRÊS MARIAS",566.23
"3/2/2000 ","TRÊS MARIAS",566.27
"3/3/2000 ","TRÊS MARIAS",566.33
"3/4/2000 ","TRÊS MARIAS",566.36
"3/5/2000 ","TRÊS MARIAS",566.37
"3/6/2000 ","TRÊS MARIAS",566.38
"3/7/2000 ","TRÊS MARIAS",566.39
"3/8/2000 ","TRÊS MARIAS",566.41
"3/9/2000 ","TRÊS MARIAS",566.48
"3/10/2000 ","TRÊS MARIAS",566.54
"3/11/2000 ","TRÊS MARIAS",566.81
"3/12/2000 ","TRÊS MARIAS",566.95
"3/13/2000 ","TRÊS MARIAS",567.11
"3/14/2000 ","TRÊS MARIAS",567.22
"3/15/2000 ","TRÊS MARIAS",567.34
"3/16/2000 ","TRÊS MARIAS",567.51
"3/17/2000 ","TRÊS MARIAS",567.68
"3/18/2000 ","TRÊS MARIAS",567.83
"3/19/2000 ","TRÊS MARIAS",567.97
"3/20/2000 ","TRÊS MARIAS",568.1
"3/21/2000 ","TRÊS MARIAS",568.2
"3/22/2000 ","TRÊS MARIAS",568.31
"3/23/2000 ","TRÊS MARIAS",568.4
"3/24/2000 ","TRÊS MARIAS",568.5
"3/25/2000 ","TRÊS MARIAS",568.59
"3/26/2000 ","TRÊS MARIAS",568.66
"3/27/2000 ","TRÊS MARIAS",568.72
"3/28/2000 ","TRÊS MARIAS",568.79
"3/29/2000 ","TRÊS MARIAS",568.85
"3/30/2000 ","TRÊS MARIAS",568.91
"3/31/2000 ","TRÊS MARIAS",568.96
"4/1/2000 ","TRÊS MARIAS",569
"4/2/2000 ","TRÊS MARIAS",569.04
"4/3/2000 ","TRÊS MARIAS",569.08
"4/4/2000 ","TRÊS MARIAS",569.09
"4/5/2000 ","TRÊS MARIAS",569.11
"4/6/2000 ","TRÊS MARIAS",569.12
"4/7/2000 ","TRÊS MARIAS",569.13
"4/8/2000 ","TRÊS MARIAS",569.14
"4/9/2000 ","TRÊS MARIAS",569.16
"4/10/2000 ","TRÊS MARIAS",569.19
"4/11/2000 ","TRÊS MARIAS",569.2
"4/12/2000 ","TRÊS MARIAS",569.21
"4/13/2000 ","TRÊS MARIAS",569.21
"4/14/2000 ","TRÊS MARIAS",569.23
"4/15/2000 ","TRÊS MARIAS",569.23
"4/16/2000 ","TRÊS MARIAS",569.25
"4/17/2000 ","TRÊS MARIAS",569.25
"4/18/2000 ","TRÊS MARIAS",569.26
"4/19/2000 ","TRÊS MARIAS",569.26
"4/20/2000 ","TRÊS MARIAS",569.27
"4/21/2000 ","TRÊS MARIAS",569.29
"4/22/2000 ","TRÊS MARIAS",569.28
"4/23/2000 ","TRÊS MARIAS",569.29
"4/24/2000 ","TRÊS MARIAS",569.3
"4/25/2000 ","TRÊS MARIAS",569.3
"4/26/2000 ","TRÊS MARIAS",569.29
"4/27/2000 ","TRÊS MARIAS",569.28
"4/28/2000 ","TRÊS MARIAS",569.26
"4/29/2000 ","TRÊS MARIAS",569.25
"4/30/2000 ","TRÊS MARIAS",569.25
"5/1/2000 ","TRÊS MARIAS",569.25
"5/2/2000 ","TRÊS MARIAS",569.24
"5/3/2000 ","TRÊS MARIAS",569.22
"5/4/2000 ","TRÊS MARIAS",569.19
"5/5/2000 ","TRÊS MARIAS",569.17
"5/6/2000 ","TRÊS MARIAS",569.15
"5/7/2000 ","TRÊS MARIAS",569.14
"5/8/2000 ","TRÊS MARIAS",569.12
"5/9/2000 ","TRÊS MARIAS",569.11
"5/10/2000 ","TRÊS MARIAS",569.09
"5/11/2000 ","TRÊS MARIAS",569.08
"5/12/2000 ","TRÊS MARIAS",569.04
"5/13/2000 ","TRÊS MARIAS",569.02
"5/14/2000 ","TRÊS MARIAS",569
"5/15/2000 ","TRÊS MARIAS",568.98
"5/16/2000 ","TRÊS MARIAS",568.95
"5/17/2000 ","TRÊS MARIAS",568.92
"5/18/2000 ","TRÊS MARIAS",568.89
"5/19/2000 ","TRÊS MARIAS",568.86
"5/20/2000 ","TRÊS MARIAS",568.81
"5/21/2000 ","TRÊS MARIAS",568.8
"5/22/2000 ","TRÊS MARIAS",568.77
"5/23/2000 ","TRÊS MARIAS",568.73
"5/24/2000 ","TRÊS MARIAS",568.69
"5/25/2000 ","TRÊS MARIAS",568.65
"5/26/2000 ","TRÊS MARIAS",568.6
"5/27/2000 ","TRÊS MARIAS",568.57
"5/28/2000 ","TRÊS MARIAS",568.56
"5/29/2000 ","TRÊS MARIAS",568.52
"5/30/2000 ","TRÊS MARIAS",568.48
"5/31/2000 ","TRÊS MARIAS",568.44
"6/1/2000 ","TRÊS MARIAS",568.41
"6/2/2000 ","TRÊS MARIAS",568.37
"6/3/2000 ","TRÊS MARIAS",568.34
"6/4/2000 ","TRÊS MARIAS",568.32
"6/5/2000 ","TRÊS MARIAS",568.27
"6/6/2000 ","TRÊS MARIAS",568.23
"6/7/2000 ","TRÊS MARIAS",568.19
"6/8/2000 ","TRÊS MARIAS",568.15
"6/9/2000 ","TRÊS MARIAS",568.1
"6/10/2000 ","TRÊS MARIAS",568.08
"6/11/2000 ","TRÊS MARIAS",568.05
"6/12/2000 ","TRÊS MARIAS",568.01
"6/13/2000 ","TRÊS MARIAS",567.97
"6/14/2000 ","TRÊS MARIAS",567.93
"6/15/2000 ","TRÊS MARIAS",567.88
"6/16/2000 ","TRÊS MARIAS",567.85
"6/17/2000 ","TRÊS MARIAS",567.81
"6/18/2000 ","TRÊS MARIAS",567.78
"6/19/2000 ","TRÊS MARIAS",567.74
"6/20/2000 ","TRÊS MARIAS",567.68
"6/21/2000 ","TRÊS MARIAS",567.65
"6/22/2000 ","TRÊS MARIAS",567.61
"6/23/2000 ","TRÊS MARIAS",567.57
"6/24/2000 ","TRÊS MARIAS",567.53
"6/25/2000 ","TRÊS MARIAS",567.5
"6/26/2000 ","TRÊS MARIAS",567.45
"6/27/2000 ","TRÊS MARIAS",567.41
"6/28/2000 ","TRÊS MARIAS",567.36
"6/29/2000 ","TRÊS MARIAS",567.31
"6/30/2000 ","TRÊS MARIAS",567.25
"7/1/2000 ","TRÊS MARIAS",567.2
"7/2/2000 ","TRÊS MARIAS",567.17
"7/3/2000 ","TRÊS MARIAS",567.14
"7/4/2000 ","TRÊS MARIAS",567.08
"7/5/2000 ","TRÊS MARIAS",567.01
"7/6/2000 ","TRÊS MARIAS",566.96
"7/7/2000 ","TRÊS MARIAS",566.91
"7/8/2000 ","TRÊS MARIAS",566.88
"7/9/2000 ","TRÊS MARIAS",566.86
"7/10/2000 ","TRÊS MARIAS",566.8
"7/11/2000 ","TRÊS MARIAS",566.75
"7/12/2000 ","TRÊS MARIAS",566.71
"7/13/2000 ","TRÊS MARIAS",566.64
"7/14/2000 ","TRÊS MARIAS",566.59
"7/15/2000 ","TRÊS MARIAS",566.54
"7/16/2000 ","TRÊS MARIAS",566.5
"7/17/2000 ","TRÊS MARIAS",566.43
"7/18/2000 ","TRÊS MARIAS",566.37
"7/19/2000 ","TRÊS MARIAS",566.31
"7/20/2000 ","TRÊS MARIAS",566.26
"7/21/2000 ","TRÊS MARIAS",566.21
"7/22/2000 ","TRÊS MARIAS",566.14
"7/23/2000 ","TRÊS MARIAS",566.1
"7/24/2000 ","TRÊS MARIAS",566.06
"7/25/2000 ","TRÊS MARIAS",566.03
"7/26/2000 ","TRÊS MARIAS",566
"7/27/2000 ","TRÊS MARIAS",565.94
"7/28/2000 ","TRÊS MARIAS",565.89
"7/29/2000 ","TRÊS MARIAS",565.83
"7/30/2000 ","TRÊS MARIAS",565.8
"7/31/2000 ","TRÊS MARIAS",565.75
"8/1/2000 ","TRÊS MARIAS",565.69
"8/2/2000 ","TRÊS MARIAS",565.63
"8/3/2000 ","TRÊS MARIAS",565.56
"8/4/2000 ","TRÊS MARIAS",565.52
"8/5/2000 ","TRÊS MARIAS",565.45
"8/6/2000 ","TRÊS MARIAS",565.42
"8/7/2000 ","TRÊS MARIAS",565.35
"8/8/2000 ","TRÊS MARIAS",565.29
"8/9/2000 ","TRÊS MARIAS",565.23
"8/10/2000 ","TRÊS MARIAS",565.17
"8/11/2000 ","TRÊS MARIAS",565.1
"8/12/2000 ","TRÊS MARIAS",565.05
"8/13/2000 ","TRÊS MARIAS",565
"8/14/2000 ","TRÊS MARIAS",564.93
"8/15/2000 ","TRÊS MARIAS",564.86
"8/16/2000 ","TRÊS MARIAS",564.81
"8/17/2000 ","TRÊS MARIAS",564.74
"8/18/2000 ","TRÊS MARIAS",564.67
"8/19/2000 ","TRÊS MARIAS",564.6
"8/20/2000 ","TRÊS MARIAS",564.55
"8/21/2000 ","TRÊS MARIAS",564.49
"8/22/2000 ","TRÊS MARIAS",564.42
"8/23/2000 ","TRÊS MARIAS",564.35
"8/24/2000 ","TRÊS MARIAS",564.28
"8/25/2000 ","TRÊS MARIAS",564.21
"8/26/2000 ","TRÊS MARIAS",564.14
"8/27/2000 ","TRÊS MARIAS",564.08
"8/28/2000 ","TRÊS MARIAS",564.04
"8/29/2000 ","TRÊS MARIAS",563.97
"8/30/2000 ","TRÊS MARIAS",563.92
"8/31/2000 ","TRÊS MARIAS",563.85
"9/1/2000 ","TRÊS MARIAS",563.78
"9/2/2000 ","TRÊS MARIAS",563.75
"9/3/2000 ","TRÊS MARIAS",563.72
"9/4/2000 ","TRÊS MARIAS",563.69
"9/5/2000 ","TRÊS MARIAS",563.62
"9/6/2000 ","TRÊS MARIAS",563.59
"9/7/2000 ","TRÊS MARIAS",563.57
"9/8/2000 ","TRÊS MARIAS",563.51
"9/9/2000 ","TRÊS MARIAS",563.47
"9/10/2000 ","TRÊS MARIAS",563.43
"9/11/2000 ","TRÊS MARIAS",563.37
"9/12/2000 ","TRÊS MARIAS",563.31
"9/13/2000 ","TRÊS MARIAS",563.25
"9/14/2000 ","TRÊS MARIAS",563.18
"9/15/2000 ","TRÊS MARIAS",563.11
"9/16/2000 ","TRÊS MARIAS",563.05
"9/17/2000 ","TRÊS MARIAS",563.02
"9/18/2000 ","TRÊS MARIAS",562.93
"9/19/2000 ","TRÊS MARIAS",562.87
"9/20/2000 ","TRÊS MARIAS",562.79
"9/21/2000 ","TRÊS MARIAS",562.71
"9/22/2000 ","TRÊS MARIAS",562.63
"9/23/2000 ","TRÊS MARIAS",562.57
"9/24/2000 ","TRÊS MARIAS",562.52
"9/25/2000 ","TRÊS MARIAS",562.46
"9/26/2000 ","TRÊS MARIAS",562.39
"9/27/2000 ","TRÊS MARIAS",562.3
"9/28/2000 ","TRÊS MARIAS",562.22
"9/29/2000 ","TRÊS MARIAS",562.14
"9/30/2000 ","TRÊS MARIAS",562.08
"10/1/2000 ","TRÊS MARIAS",562.05
"10/2/2000 ","TRÊS MARIAS",561.97
"10/3/2000 ","TRÊS MARIAS",561.9
"10/4/2000 ","TRÊS MARIAS",561.83
"10/5/2000 ","TRÊS MARIAS",561.76
"10/6/2000 ","TRÊS MARIAS",561.68
"10/7/2000 ","TRÊS MARIAS",561.61
"10/8/2000 ","TRÊS MARIAS",561.56
"10/9/2000 ","TRÊS MARIAS",561.48
"10/10/2000 ","TRÊS MARIAS",561.41
"10/11/2000 ","TRÊS MARIAS",561.33
"10/12/2000 ","TRÊS MARIAS",561.27
"10/13/2000 ","TRÊS MARIAS",561.18
"10/14/2000 ","TRÊS MARIAS",561.08
"10/15/2000 ","TRÊS MARIAS",561.02
"10/16/2000 ","TRÊS MARIAS",560.93
"10/17/2000 ","TRÊS MARIAS",560.84
"10/18/2000 ","TRÊS MARIAS",560.76
"10/19/2000 ","TRÊS MARIAS",560.66
"10/20/2000 ","TRÊS MARIAS",560.58
"10/21/2000 ","TRÊS MARIAS",560.48
"10/22/2000 ","TRÊS MARIAS",560.41
"10/23/2000 ","TRÊS MARIAS",560.32
"10/24/2000 ","TRÊS MARIAS",560.22
"10/25/2000 ","TRÊS MARIAS",560.11
"10/26/2000 ","TRÊS MARIAS",560
"10/27/2000 ","TRÊS MARIAS",559.88
"10/28/2000 ","TRÊS MARIAS",559.76
"10/29/2000 ","TRÊS MARIAS",559.66
"10/30/2000 ","TRÊS MARIAS",559.56
"10/31/2000 ","TRÊS MARIAS",559.45
"11/1/2000 ","TRÊS MARIAS",559.33
"11/2/2000 ","TRÊS MARIAS",559.24
"11/3/2000 ","TRÊS MARIAS",559.14
"11/4/2000 ","TRÊS MARIAS",559.07
"11/5/2000 ","TRÊS MARIAS",559.05
"11/6/2000 ","TRÊS MARIAS",559.03
"11/7/2000 ","TRÊS MARIAS",559.02
"11/8/2000 ","TRÊS MARIAS",558.94
"11/9/2000 ","TRÊS MARIAS",558.88
"11/10/2000 ","TRÊS MARIAS",558.8
"11/11/2000 ","TRÊS MARIAS",558.72
"11/12/2000 ","TRÊS MARIAS",558.66
"11/13/2000 ","TRÊS MARIAS",558.64
"11/14/2000 ","TRÊS MARIAS",558.68
"11/15/2000 ","TRÊS MARIAS",558.83
"11/16/2000 ","TRÊS MARIAS",558.86
"11/17/2000 ","TRÊS MARIAS",558.89
"11/18/2000 ","TRÊS MARIAS",558.92
"11/19/2000 ","TRÊS MARIAS",558.97
"11/20/2000 ","TRÊS MARIAS",558.97
"11/21/2000 ","TRÊS MARIAS",558.95
"11/22/2000 ","TRÊS MARIAS",558.93
"11/23/2000 ","TRÊS MARIAS",558.9
"11/24/2000 ","TRÊS MARIAS",558.88
"11/25/2000 ","TRÊS MARIAS",558.83
"11/26/2000 ","TRÊS MARIAS",558.83
"11/27/2000 ","TRÊS MARIAS",558.83
"11/28/2000 ","TRÊS MARIAS",558.8
"11/29/2000 ","TRÊS MARIAS",558.75
"11/30/2000 ","TRÊS MARIAS",558.73
"12/1/2000 ","TRÊS MARIAS",558.78
"12/2/2000 ","TRÊS MARIAS",558.82
"12/3/2000 ","TRÊS MARIAS",558.88
"12/4/2000 ","TRÊS MARIAS",558.91
"12/5/2000 ","TRÊS MARIAS",558.94
"12/6/2000 ","TRÊS MARIAS",559.01
"12/7/2000 ","TRÊS MARIAS",559.05
"12/8/2000 ","TRÊS MARIAS",559.07
"12/9/2000 ","TRÊS MARIAS",559.08
"12/10/2000 ","TRÊS MARIAS",559.09
"12/11/2000 ","TRÊS MARIAS",559.07
"12/12/2000 ","TRÊS MARIAS",559.05
"12/13/2000 ","TRÊS MARIAS",559.01
"12/14/2000 ","TRÊS MARIAS",559.01
"12/15/2000 ","TRÊS MARIAS",559.01
"12/16/2000 ","TRÊS MARIAS",559
"12/17/2000 ","TRÊS MARIAS",559.05
"12/18/2000 ","TRÊS MARIAS",559.26
"12/19/2000 ","TRÊS MARIAS",559.33
"12/20/2000 ","TRÊS MARIAS",559.41
"12/21/2000 ","TRÊS MARIAS",559.5
"12/22/2000 ","TRÊS MARIAS",559.58
"12/23/2000 ","TRÊS MARIAS",559.71
"12/24/2000 ","TRÊS MARIAS",559.79
"12/25/2000 ","TRÊS MARIAS",559.86
"12/26/2000 ","TRÊS MARIAS",559.87
"12/27/2000 ","TRÊS MARIAS",559.89
"12/28/2000 ","TRÊS MARIAS",559.89
"12/29/2000 ","TRÊS MARIAS",559.92
"12/30/2000 ","TRÊS MARIAS",559.94
"12/31/2000 ","TRÊS MARIAS",560
"1/1/2001 ","TRÊS MARIAS",560.05
"1/2/2001 ","TRÊS MARIAS",560.14
"1/3/2001 ","TRÊS MARIAS",560.26
"1/4/2001 ","TRÊS MARIAS",560.4
"1/5/2001 ","TRÊS MARIAS",560.54
"1/6/2001 ","TRÊS MARIAS",560.68
"1/7/2001 ","TRÊS MARIAS",560.8
"1/8/2001 ","TRÊS MARIAS",560.88
"1/9/2001 ","TRÊS MARIAS",560.93
"1/10/2001 ","TRÊS MARIAS",560.95
"1/11/2001 ","TRÊS MARIAS",560.97
"1/12/2001 ","TRÊS MARIAS",560.99
"1/13/2001 ","TRÊS MARIAS",561.02
"1/14/2001 ","TRÊS MARIAS",561.03
"1/15/2001 ","TRÊS MARIAS",561.04
"1/16/2001 ","TRÊS MARIAS",561.04
"1/17/2001 ","TRÊS MARIAS",561.01
"1/18/2001 ","TRÊS MARIAS",560.99
"1/19/2001 ","TRÊS MARIAS",560.98
"1/20/2001 ","TRÊS MARIAS",560.96
"1/21/2001 ","TRÊS MARIAS",560.96
"1/22/2001 ","TRÊS MARIAS",560.97
"1/23/2001 ","TRÊS MARIAS",560.98
"1/24/2001 ","TRÊS MARIAS",561
"1/25/2001 ","TRÊS MARIAS",561.07
"1/26/2001 ","TRÊS MARIAS",561.09
"1/27/2001 ","TRÊS MARIAS",561.1
"1/28/2001 ","TRÊS MARIAS",561.11
"1/29/2001 ","TRÊS MARIAS",561.1
"1/30/2001 ","TRÊS MARIAS",561.09
"1/31/2001 ","TRÊS MARIAS",561.11
"2/1/2001 ","TRÊS MARIAS",561.11
"2/2/2001 ","TRÊS MARIAS",561.11
"2/3/2001 ","TRÊS MARIAS",561.11
"2/4/2001 ","TRÊS MARIAS",561.08
"2/5/2001 ","TRÊS MARIAS",561.06
"2/6/2001 ","TRÊS MARIAS",561.06
"2/7/2001 ","TRÊS MARIAS",561.06
"2/8/2001 ","TRÊS MARIAS",561.03
"2/9/2001 ","TRÊS MARIAS",561.02
"2/10/2001 ","TRÊS MARIAS",561
"2/11/2001 ","TRÊS MARIAS",560.96
"2/12/2001 ","TRÊS MARIAS",560.94
"2/13/2001 ","TRÊS MARIAS",560.94
"2/14/2001 ","TRÊS MARIAS",560.91
"2/15/2001 ","TRÊS MARIAS",560.89
"2/16/2001 ","TRÊS MARIAS",560.9
"2/17/2001 ","TRÊS MARIAS",560.87
"2/18/2001 ","TRÊS MARIAS",560.85
"2/19/2001 ","TRÊS MARIAS",560.82
"2/20/2001 ","TRÊS MARIAS",560.79
"2/21/2001 ","TRÊS MARIAS",560.76
"2/22/2001 ","TRÊS MARIAS",560.73
"2/23/2001 ","TRÊS MARIAS",560.68
"2/24/2001 ","TRÊS MARIAS",560.63
"2/25/2001 ","TRÊS MARIAS",560.56
"2/26/2001 ","TRÊS MARIAS",560.51
"2/27/2001 ","TRÊS MARIAS",560.45
"2/28/2001 ","TRÊS MARIAS",560.41
"3/1/2001 ","TRÊS MARIAS",560.37
"3/2/2001 ","TRÊS MARIAS",560.32
"3/3/2001 ","TRÊS MARIAS",560.3
"3/4/2001 ","TRÊS MARIAS",560.27
"3/5/2001 ","TRÊS MARIAS",560.23
"3/6/2001 ","TRÊS MARIAS",560.24
"3/7/2001 ","TRÊS MARIAS",560.22
"3/8/2001 ","TRÊS MARIAS",560.2
"3/9/2001 ","TRÊS MARIAS",560.18
"3/10/2001 ","TRÊS MARIAS",560.19
"3/11/2001 ","TRÊS MARIAS",560.37
"3/12/2001 ","TRÊS MARIAS",560.45
"3/13/2001 ","TRÊS MARIAS",560.5
"3/14/2001 ","TRÊS MARIAS",560.54
"3/15/2001 ","TRÊS MARIAS",560.59
"3/16/2001 ","TRÊS MARIAS",560.61
"3/17/2001 ","TRÊS MARIAS",560.63
"3/18/2001 ","TRÊS MARIAS",560.64
"3/19/2001 ","TRÊS MARIAS",560.64
"3/20/2001 ","TRÊS MARIAS",560.63
"3/21/2001 ","TRÊS MARIAS",560.62
"3/22/2001 ","TRÊS MARIAS",560.58
"3/23/2001 ","TRÊS MARIAS",560.54
"3/24/2001 ","TRÊS MARIAS",560.5
"3/25/2001 ","TRÊS MARIAS",560.44
"3/26/2001 ","TRÊS MARIAS",560.43
"3/27/2001 ","TRÊS MARIAS",560.4
"3/28/2001 ","TRÊS MARIAS",560.37
"3/29/2001 ","TRÊS MARIAS",560.36
"3/30/2001 ","TRÊS MARIAS",560.35
"3/31/2001 ","TRÊS MARIAS",560.32
"4/1/2001 ","TRÊS MARIAS",560.31
"4/2/2001 ","TRÊS MARIAS",560.3
"4/3/2001 ","TRÊS MARIAS",560.3
"4/4/2001 ","TRÊS MARIAS",560.3
"4/5/2001 ","TRÊS MARIAS",560.28
"4/6/2001 ","TRÊS MARIAS",560.25
"4/7/2001 ","TRÊS MARIAS",560.23
"4/8/2001 ","TRÊS MARIAS",560.21
"4/9/2001 ","TRÊS MARIAS",560.17
"4/10/2001 ","TRÊS MARIAS",560.14
"4/11/2001 ","TRÊS MARIAS",560.1
"4/12/2001 ","TRÊS MARIAS",560.06
"4/13/2001 ","TRÊS MARIAS",560.03
"4/14/2001 ","TRÊS MARIAS",560
"4/15/2001 ","TRÊS MARIAS",560
"4/16/2001 ","TRÊS MARIAS",559.96
"4/17/2001 ","TRÊS MARIAS",559.94
"4/18/2001 ","TRÊS MARIAS",559.9
"4/19/2001 ","TRÊS MARIAS",559.86
"4/20/2001 ","TRÊS MARIAS",559.83
"4/21/2001 ","TRÊS MARIAS",559.8
"4/22/2001 ","TRÊS MARIAS",559.76
"4/23/2001 ","TRÊS MARIAS",559.73
"4/24/2001 ","TRÊS MARIAS",559.68
"4/25/2001 ","TRÊS MARIAS",559.62
"4/26/2001 ","TRÊS MARIAS",559.58
"4/27/2001 ","TRÊS MARIAS",559.54
"4/28/2001 ","TRÊS MARIAS",559.5
"4/29/2001 ","TRÊS MARIAS",559.45
"4/30/2001 ","TRÊS MARIAS",559.41
"5/1/2001 ","TRÊS MARIAS",559.37
"5/2/2001 ","TRÊS MARIAS",559.33
"5/3/2001 ","TRÊS MARIAS",559.29
"5/4/2001 ","TRÊS MARIAS",559.25
"5/5/2001 ","TRÊS MARIAS",559.23
"5/6/2001 ","TRÊS MARIAS",559.18
"5/7/2001 ","TRÊS MARIAS",559.13
"5/8/2001 ","TRÊS MARIAS",559.09
"5/9/2001 ","TRÊS MARIAS",559.05
"5/10/2001 ","TRÊS MARIAS",559.01
"5/11/2001 ","TRÊS MARIAS",558.97
"5/12/2001 ","TRÊS MARIAS",558.92
"5/13/2001 ","TRÊS MARIAS",558.88
"5/14/2001 ","TRÊS MARIAS",558.84
"5/15/2001 ","TRÊS MARIAS",558.79
"5/16/2001 ","TRÊS MARIAS",558.76
"5/17/2001 ","TRÊS MARIAS",558.76
"5/18/2001 ","TRÊS MARIAS",558.74
"5/19/2001 ","TRÊS MARIAS",558.69
"5/20/2001 ","TRÊS MARIAS",558.67
"5/21/2001 ","TRÊS MARIAS",558.63
"5/22/2001 ","TRÊS MARIAS",558.59
"5/23/2001 ","TRÊS MARIAS",558.57
"5/24/2001 ","TRÊS MARIAS",558.54
"5/25/2001 ","TRÊS MARIAS",558.5
"5/26/2001 ","TRÊS MARIAS",558.47
"5/27/2001 ","TRÊS MARIAS",558.44
"5/28/2001 ","TRÊS MARIAS",558.41
"5/29/2001 ","TRÊS MARIAS",558.38
"5/30/2001 ","TRÊS MARIAS",558.35
"5/31/2001 ","TRÊS MARIAS",558.32
"6/1/2001 ","TRÊS MARIAS",558.29
"6/2/2001 ","TRÊS MARIAS",558.27
"6/3/2001 ","TRÊS MARIAS",558.25
"6/4/2001 ","TRÊS MARIAS",558.23
"6/5/2001 ","TRÊS MARIAS",558.19
"6/6/2001 ","TRÊS MARIAS",558.16
"6/7/2001 ","TRÊS MARIAS",558.14
"6/8/2001 ","TRÊS MARIAS",558.11
"6/9/2001 ","TRÊS MARIAS",558.09
"6/10/2001 ","TRÊS MARIAS",558.07
"6/11/2001 ","TRÊS MARIAS",558.04
"6/12/2001 ","TRÊS MARIAS",558.01
"6/13/2001 ","TRÊS MARIAS",557.98
"6/14/2001 ","TRÊS MARIAS",557.96
"6/15/2001 ","TRÊS MARIAS",557.93
"6/16/2001 ","TRÊS MARIAS",557.9
"6/17/2001 ","TRÊS MARIAS",557.87
"6/18/2001 ","TRÊS MARIAS",557.84
"6/19/2001 ","TRÊS MARIAS",557.81
"6/20/2001 ","TRÊS MARIAS",557.8
"6/21/2001 ","TRÊS MARIAS",557.76
"6/22/2001 ","TRÊS MARIAS",557.72
"6/23/2001 ","TRÊS MARIAS",557.69
"6/24/2001 ","TRÊS MARIAS",557.67
"6/25/2001 ","TRÊS MARIAS",557.64
"6/26/2001 ","TRÊS MARIAS",557.61
"6/27/2001 ","TRÊS MARIAS",557.59
"6/28/2001 ","TRÊS MARIAS",557.55
"6/29/2001 ","TRÊS MARIAS",557.52
"6/30/2001 ","TRÊS MARIAS",557.48
"7/1/2001 ","TRÊS MARIAS",557.45
"7/2/2001 ","TRÊS MARIAS",557.42
"7/3/2001 ","TRÊS MARIAS",557.39
"7/4/2001 ","TRÊS MARIAS",557.35
"7/5/2001 ","TRÊS MARIAS",557.32
"7/6/2001 ","TRÊS MARIAS",557.3
"7/7/2001 ","TRÊS MARIAS",557.26
"7/8/2001 ","TRÊS MARIAS",557.22
"7/9/2001 ","TRÊS MARIAS",557.19
"7/10/2001 ","TRÊS MARIAS",557.16
"7/11/2001 ","TRÊS MARIAS",557.12
"7/12/2001 ","TRÊS MARIAS",557.09
"7/13/2001 ","TRÊS MARIAS",557.07
"7/14/2001 ","TRÊS MARIAS",557.03
"7/15/2001 ","TRÊS MARIAS",556.98
"7/16/2001 ","TRÊS MARIAS",556.95
"7/17/2001 ","TRÊS MARIAS",556.91
"7/18/2001 ","TRÊS MARIAS",556.87
"7/19/2001 ","TRÊS MARIAS",556.85
"7/20/2001 ","TRÊS MARIAS",556.81
"7/21/2001 ","TRÊS MARIAS",556.77
"7/22/2001 ","TRÊS MARIAS",556.74
"7/23/2001 ","TRÊS MARIAS",556.71
"7/24/2001 ","TRÊS MARIAS",556.69
"7/25/2001 ","TRÊS MARIAS",556.64
"7/26/2001 ","TRÊS MARIAS",556.6
"7/27/2001 ","TRÊS MARIAS",556.57
"7/28/2001 ","TRÊS MARIAS",556.55
"7/29/2001 ","TRÊS MARIAS",556.5
"7/30/2001 ","TRÊS MARIAS",556.46
"7/31/2001 ","TRÊS MARIAS",556.42
"8/1/2001 ","TRÊS MARIAS",556.39
"8/2/2001 ","TRÊS MARIAS",556.35
"8/3/2001 ","TRÊS MARIAS",556.32
"8/4/2001 ","TRÊS MARIAS",556.27
"8/5/2001 ","TRÊS MARIAS",556.24
"8/6/2001 ","TRÊS MARIAS",556.2
"8/7/2001 ","TRÊS MARIAS",556.17
"8/8/2001 ","TRÊS MARIAS",556.13
"8/9/2001 ","TRÊS MARIAS",556.09
"8/10/2001 ","TRÊS MARIAS",556.05
"8/11/2001 ","TRÊS MARIAS",556.01
"8/12/2001 ","TRÊS MARIAS",555.97
"8/13/2001 ","TRÊS MARIAS",555.93
"8/14/2001 ","TRÊS MARIAS",555.88
"8/15/2001 ","TRÊS MARIAS",555.84
"8/16/2001 ","TRÊS MARIAS",555.8
"8/17/2001 ","TRÊS MARIAS",555.76
"8/18/2001 ","TRÊS MARIAS",555.72
"8/19/2001 ","TRÊS MARIAS",555.68
"8/20/2001 ","TRÊS MARIAS",555.64
"8/21/2001 ","TRÊS MARIAS",555.6
"8/22/2001 ","TRÊS MARIAS",555.56
"8/23/2001 ","TRÊS MARIAS",555.54
"8/24/2001 ","TRÊS MARIAS",555.49
"8/25/2001 ","TRÊS MARIAS",555.49
"8/26/2001 ","TRÊS MARIAS",555.44
"8/27/2001 ","TRÊS MARIAS",555.41
"8/28/2001 ","TRÊS MARIAS",555.39
"8/29/2001 ","TRÊS MARIAS",555.37
"8/30/2001 ","TRÊS MARIAS",555.33
"8/31/2001 ","TRÊS MARIAS",555.31
"9/1/2001 ","TRÊS MARIAS",555.27
"9/2/2001 ","TRÊS MARIAS",555.24
"9/3/2001 ","TRÊS MARIAS",555.21
"9/4/2001 ","TRÊS MARIAS",555.18
"9/5/2001 ","TRÊS MARIAS",555.15
"9/6/2001 ","TRÊS MARIAS",555.12
"9/7/2001 ","TRÊS MARIAS",555.07
"9/8/2001 ","TRÊS MARIAS",555.03
"9/9/2001 ","TRÊS MARIAS",554.99
"9/10/2001 ","TRÊS MARIAS",554.96
"9/11/2001 ","TRÊS MARIAS",554.91
"9/12/2001 ","TRÊS MARIAS",554.87
"9/13/2001 ","TRÊS MARIAS",554.82
"9/14/2001 ","TRÊS MARIAS",554.79
"9/15/2001 ","TRÊS MARIAS",554.76
"9/16/2001 ","TRÊS MARIAS",554.73
"9/17/2001 ","TRÊS MARIAS",554.71
"9/18/2001 ","TRÊS MARIAS",554.66
"9/19/2001 ","TRÊS MARIAS",554.63
"9/20/2001 ","TRÊS MARIAS",554.59
"9/21/2001 ","TRÊS MARIAS",554.55
"9/22/2001 ","TRÊS MARIAS",554.51
"9/23/2001 ","TRÊS MARIAS",554.48
"9/24/2001 ","TRÊS MARIAS",554.44
"9/25/2001 ","TRÊS MARIAS",554.39
"9/26/2001 ","TRÊS MARIAS",554.36
"9/27/2001 ","TRÊS MARIAS",554.32
"9/28/2001 ","TRÊS MARIAS",554.27
"9/29/2001 ","TRÊS MARIAS",554.22
"9/30/2001 ","TRÊS MARIAS",554.17
"10/1/2001 ","TRÊS MARIAS",554.12
"10/2/2001 ","TRÊS MARIAS",554.11
"10/3/2001 ","TRÊS MARIAS",554.11
"10/4/2001 ","TRÊS MARIAS",554.1
"10/5/2001 ","TRÊS MARIAS",554.08
"10/6/2001 ","TRÊS MARIAS",554.05
"10/7/2001 ","TRÊS MARIAS",554.02
"10/8/2001 ","TRÊS MARIAS",554.03
"10/9/2001 ","TRÊS MARIAS",554.08
"10/10/2001 ","TRÊS MARIAS",554.09
"10/11/2001 ","TRÊS MARIAS",554.08
"10/12/2001 ","TRÊS MARIAS",554.07
"10/13/2001 ","TRÊS MARIAS",554.03
"10/14/2001 ","TRÊS MARIAS",554
"10/15/2001 ","TRÊS MARIAS",553.96
"10/16/2001 ","TRÊS MARIAS",553.89
"10/17/2001 ","TRÊS MARIAS",553.87
"10/18/2001 ","TRÊS MARIAS",553.8
"10/19/2001 ","TRÊS MARIAS",553.76
"10/20/2001 ","TRÊS MARIAS",553.72
"10/21/2001 ","TRÊS MARIAS",553.67
"10/22/2001 ","TRÊS MARIAS",553.61
"10/23/2001 ","TRÊS MARIAS",553.55
"10/24/2001 ","TRÊS MARIAS",553.51
"10/25/2001 ","TRÊS MARIAS",553.46
"10/26/2001 ","TRÊS MARIAS",553.4
"10/27/2001 ","TRÊS MARIAS",553.33
"10/28/2001 ","TRÊS MARIAS",553.28
"10/29/2001 ","TRÊS MARIAS",553.21
"10/30/2001 ","TRÊS MARIAS",553.15
"10/31/2001 ","TRÊS MARIAS",553.13
"11/1/2001 ","TRÊS MARIAS",553.05
"11/2/2001 ","TRÊS MARIAS",552.98
"11/3/2001 ","TRÊS MARIAS",552.94
"11/4/2001 ","TRÊS MARIAS",552.9
"11/5/2001 ","TRÊS MARIAS",552.89
"11/6/2001 ","TRÊS MARIAS",552.85
"11/7/2001 ","TRÊS MARIAS",552.82
"11/8/2001 ","TRÊS MARIAS",552.78
"11/9/2001 ","TRÊS MARIAS",552.73
"11/10/2001 ","TRÊS MARIAS",552.68
"11/11/2001 ","TRÊS MARIAS",552.61
"11/12/2001 ","TRÊS MARIAS",552.61
"11/13/2001 ","TRÊS MARIAS",552.6
"11/14/2001 ","TRÊS MARIAS",552.66
"11/15/2001 ","TRÊS MARIAS",552.64
"11/16/2001 ","TRÊS MARIAS",552.64
"11/17/2001 ","TRÊS MARIAS",552.62
"11/18/2001 ","TRÊS MARIAS",552.78
"11/19/2001 ","TRÊS MARIAS",552.83
"11/20/2001 ","TRÊS MARIAS",552.91
"11/21/2001 ","TRÊS MARIAS",553.01
"11/22/2001 ","TRÊS MARIAS",553.04
"11/23/2001 ","TRÊS MARIAS",553.06
"11/24/2001 ","TRÊS MARIAS",553.07
"11/25/2001 ","TRÊS MARIAS",553.07
"11/26/2001 ","TRÊS MARIAS",553.06
"11/27/2001 ","TRÊS MARIAS",553.02
"11/28/2001 ","TRÊS MARIAS",552.99
"11/29/2001 ","TRÊS MARIAS",553
"11/30/2001 ","TRÊS MARIAS",553.03
"12/1/2001 ","TRÊS MARIAS",553.11
"12/2/2001 ","TRÊS MARIAS",553.13
"12/3/2001 ","TRÊS MARIAS",553.12
"12/4/2001 ","TRÊS MARIAS",553.16
"12/5/2001 ","TRÊS MARIAS",553.19
"12/6/2001 ","TRÊS MARIAS",553.21
"12/7/2001 ","TRÊS MARIAS",553.22
"12/8/2001 ","TRÊS MARIAS",553.2
"12/9/2001 ","TRÊS MARIAS",553.19
"12/10/2001 ","TRÊS MARIAS",553.18
"12/11/2001 ","TRÊS MARIAS",553.16
"12/12/2001 ","TRÊS MARIAS",553.15
"12/13/2001 ","TRÊS MARIAS",553.13
"12/14/2001 ","TRÊS MARIAS",553.12
"12/15/2001 ","TRÊS MARIAS",553.1
"12/16/2001 ","TRÊS MARIAS",553.1
"12/17/2001 ","TRÊS MARIAS",553.16
"12/18/2001 ","TRÊS MARIAS",553.27
"12/19/2001 ","TRÊS MARIAS",553.5
"12/20/2001 ","TRÊS MARIAS",553.76
"12/21/2001 ","TRÊS MARIAS",553.95
"12/22/2001 ","TRÊS MARIAS",554.08
"12/23/2001 ","TRÊS MARIAS",554.22
"12/24/2001 ","TRÊS MARIAS",554.37
"12/25/2001 ","TRÊS MARIAS",554.51
"12/26/2001 ","TRÊS MARIAS",554.69
"12/27/2001 ","TRÊS MARIAS",554.8
"12/28/2001 ","TRÊS MARIAS",554.8
"12/29/2001 ","TRÊS MARIAS",554.94
"12/30/2001 ","TRÊS MARIAS",555.25
"12/31/2001 ","TRÊS MARIAS",555.9
"1/1/2002 ","TRÊS MARIAS",556.19
"1/2/2002 ","TRÊS MARIAS",556.49
"1/3/2002 ","TRÊS MARIAS",556.73
"1/4/2002 ","TRÊS MARIAS",556.92
"1/5/2002 ","TRÊS MARIAS",557.08
"1/6/2002 ","TRÊS MARIAS",557.21
"1/7/2002 ","TRÊS MARIAS",557.31
"1/8/2002 ","TRÊS MARIAS",557.44
"1/9/2002 ","TRÊS MARIAS",557.52
"1/10/2002 ","TRÊS MARIAS",557.58
"1/11/2002 ","TRÊS MARIAS",557.63
"1/12/2002 ","TRÊS MARIAS",557.67
"1/13/2002 ","TRÊS MARIAS",557.74
"1/14/2002 ","TRÊS MARIAS",557.74
"1/15/2002 ","TRÊS MARIAS",557.76
"1/16/2002 ","TRÊS MARIAS",557.79
"1/17/2002 ","TRÊS MARIAS",557.94
"1/18/2002 ","TRÊS MARIAS",558.17
"1/19/2002 ","TRÊS MARIAS",558.7
"1/20/2002 ","TRÊS MARIAS",558.94
"1/21/2002 ","TRÊS MARIAS",559.21
"1/22/2002 ","TRÊS MARIAS",559.4
"1/23/2002 ","TRÊS MARIAS",559.54
"1/24/2002 ","TRÊS MARIAS",559.65
"1/25/2002 ","TRÊS MARIAS",559.75
"1/26/2002 ","TRÊS MARIAS",559.84
"1/27/2002 ","TRÊS MARIAS",559.95
"1/28/2002 ","TRÊS MARIAS",560.05
"1/29/2002 ","TRÊS MARIAS",560.18
"1/30/2002 ","TRÊS MARIAS",560.28
"1/31/2002 ","TRÊS MARIAS",560.42
"2/1/2002 ","TRÊS MARIAS",560.54
"2/2/2002 ","TRÊS MARIAS",560.67
"2/3/2002 ","TRÊS MARIAS",560.83
"2/4/2002 ","TRÊS MARIAS",560.99
"2/5/2002 ","TRÊS MARIAS",561.09
"2/6/2002 ","TRÊS MARIAS",561.19
"2/7/2002 ","TRÊS MARIAS",561.33
"2/8/2002 ","TRÊS MARIAS",561.5
"2/9/2002 ","TRÊS MARIAS",561.65
"2/10/2002 ","TRÊS MARIAS",561.77
"2/11/2002 ","TRÊS MARIAS",561.98
"2/12/2002 ","TRÊS MARIAS",562.18
"2/13/2002 ","TRÊS MARIAS",562.34
"2/14/2002 ","TRÊS MARIAS",562.49
"2/15/2002 ","TRÊS MARIAS",562.64
"2/16/2002 ","TRÊS MARIAS",562.76
"2/17/2002 ","TRÊS MARIAS",562.92
"2/18/2002 ","TRÊS MARIAS",563.1
"2/19/2002 ","TRÊS MARIAS",563.45
"2/20/2002 ","TRÊS MARIAS",563.78
"2/21/2002 ","TRÊS MARIAS",564.03
"2/22/2002 ","TRÊS MARIAS",564.28
"2/23/2002 ","TRÊS MARIAS",564.49
"2/24/2002 ","TRÊS MARIAS",564.68
"2/25/2002 ","TRÊS MARIAS",564.92
"2/26/2002 ","TRÊS MARIAS",565.14
"2/27/2002 ","TRÊS MARIAS",565.32
"2/28/2002 ","TRÊS MARIAS",565.47
"3/1/2002 ","TRÊS MARIAS",565.6
"3/2/2002 ","TRÊS MARIAS",565.72
"3/3/2002 ","TRÊS MARIAS",565.83
"3/4/2002 ","TRÊS MARIAS",565.94
"3/5/2002 ","TRÊS MARIAS",566.05
"3/6/2002 ","TRÊS MARIAS",566.12
"3/7/2002 ","TRÊS MARIAS",566.2
"3/8/2002 ","TRÊS MARIAS",566.29
"3/9/2002 ","TRÊS MARIAS",566.35
"3/10/2002 ","TRÊS MARIAS",566.4
"3/11/2002 ","TRÊS MARIAS",566.45
"3/12/2002 ","TRÊS MARIAS",566.49
"3/13/2002 ","TRÊS MARIAS",566.52
"3/14/2002 ","TRÊS MARIAS",566.56
"3/15/2002 ","TRÊS MARIAS",566.6
"3/16/2002 ","TRÊS MARIAS",566.67
"3/17/2002 ","TRÊS MARIAS",566.72
"3/18/2002 ","TRÊS MARIAS",566.76
"3/19/2002 ","TRÊS MARIAS",566.82
"3/20/2002 ","TRÊS MARIAS",566.87
"3/21/2002 ","TRÊS MARIAS",566.94
"3/22/2002 ","TRÊS MARIAS",567.02
"3/23/2002 ","TRÊS MARIAS",567.11
"3/24/2002 ","TRÊS MARIAS",567.17
"3/25/2002 ","TRÊS MARIAS",567.27
"3/26/2002 ","TRÊS MARIAS",567.33
"3/27/2002 ","TRÊS MARIAS",567.39
"3/28/2002 ","TRÊS MARIAS",567.42
"3/29/2002 ","TRÊS MARIAS",567.47
"3/30/2002 ","TRÊS MARIAS",567.5
"3/31/2002 ","TRÊS MARIAS",567.54
"4/1/2002 ","TRÊS MARIAS",567.57
"4/2/2002 ","TRÊS MARIAS",567.6
"4/3/2002 ","TRÊS MARIAS",567.62
"4/4/2002 ","TRÊS MARIAS",567.64
"4/5/2002 ","TRÊS MARIAS",567.66
"4/6/2002 ","TRÊS MARIAS",567.67
"4/7/2002 ","TRÊS MARIAS",567.7
"4/8/2002 ","TRÊS MARIAS",567.7
"4/9/2002 ","TRÊS MARIAS",567.7
"4/10/2002 ","TRÊS MARIAS",567.72
"4/11/2002 ","TRÊS MARIAS",567.74
"4/12/2002 ","TRÊS MARIAS",567.76
"4/13/2002 ","TRÊS MARIAS",567.78
"4/14/2002 ","TRÊS MARIAS",567.78
"4/15/2002 ","TRÊS MARIAS",567.8
"4/16/2002 ","TRÊS MARIAS",567.8
"4/17/2002 ","TRÊS MARIAS",567.81
"4/18/2002 ","TRÊS MARIAS",567.82
"4/19/2002 ","TRÊS MARIAS",567.82
"4/20/2002 ","TRÊS MARIAS",567.83
"4/21/2002 ","TRÊS MARIAS",567.84
"4/22/2002 ","TRÊS MARIAS",567.84
"4/23/2002 ","TRÊS MARIAS",567.85
"4/24/2002 ","TRÊS MARIAS",567.84
"4/25/2002 ","TRÊS MARIAS",567.84
"4/26/2002 ","TRÊS MARIAS",567.84
"4/27/2002 ","TRÊS MARIAS",567.83
"4/28/2002 ","TRÊS MARIAS",567.83
"4/29/2002 ","TRÊS MARIAS",567.82
"4/30/2002 ","TRÊS MARIAS",567.82
"5/1/2002 ","TRÊS MARIAS",567.81
"5/2/2002 ","TRÊS MARIAS",567.79
"5/3/2002 ","TRÊS MARIAS",567.79
"5/4/2002 ","TRÊS MARIAS",567.78
"5/5/2002 ","TRÊS MARIAS",567.76
"5/6/2002 ","TRÊS MARIAS",567.76
"5/7/2002 ","TRÊS MARIAS",567.76
"5/8/2002 ","TRÊS MARIAS",567.74
"5/9/2002 ","TRÊS MARIAS",567.74
"5/10/2002 ","TRÊS MARIAS",567.73
"5/11/2002 ","TRÊS MARIAS",567.72
"5/12/2002 ","TRÊS MARIAS",567.71
"5/13/2002 ","TRÊS MARIAS",567.7
"5/14/2002 ","TRÊS MARIAS",567.69
"5/15/2002 ","TRÊS MARIAS",567.67
"5/16/2002 ","TRÊS MARIAS",567.66
"5/17/2002 ","TRÊS MARIAS",567.64
"5/18/2002 ","TRÊS MARIAS",567.63
"5/19/2002 ","TRÊS MARIAS",567.63
"5/20/2002 ","TRÊS MARIAS",567.61
"5/21/2002 ","TRÊS MARIAS",567.61
"5/22/2002 ","TRÊS MARIAS",567.61
"5/23/2002 ","TRÊS MARIAS",567.59
"5/24/2002 ","TRÊS MARIAS",567.58
"5/25/2002 ","TRÊS MARIAS",567.55
"5/26/2002 ","TRÊS MARIAS",567.53
"5/27/2002 ","TRÊS MARIAS",567.52
"5/28/2002 ","TRÊS MARIAS",567.49
"5/29/2002 ","TRÊS MARIAS",567.47
"5/30/2002 ","TRÊS MARIAS",567.44
"5/31/2002 ","TRÊS MARIAS",567.42
"6/1/2002 ","TRÊS MARIAS",567.42
"6/2/2002 ","TRÊS MARIAS",567.4
"6/3/2002 ","TRÊS MARIAS",567.39
"6/4/2002 ","TRÊS MARIAS",567.37
"6/5/2002 ","TRÊS MARIAS",567.35
"6/6/2002 ","TRÊS MARIAS",567.33
"6/7/2002 ","TRÊS MARIAS",567.31
"6/8/2002 ","TRÊS MARIAS",567.29
"6/9/2002 ","TRÊS MARIAS",567.27
"6/10/2002 ","TRÊS MARIAS",567.24
"6/11/2002 ","TRÊS MARIAS",567.22
"6/12/2002 ","TRÊS MARIAS",567.2
"6/13/2002 ","TRÊS MARIAS",567.18
"6/14/2002 ","TRÊS MARIAS",567.17
"6/15/2002 ","TRÊS MARIAS",567.16
"6/16/2002 ","TRÊS MARIAS",567.15
"6/17/2002 ","TRÊS MARIAS",567.12
"6/18/2002 ","TRÊS MARIAS",567.07
"6/19/2002 ","TRÊS MARIAS",567.04
"6/20/2002 ","TRÊS MARIAS",566.99
"6/21/2002 ","TRÊS MARIAS",566.95
"6/22/2002 ","TRÊS MARIAS",566.91
"6/23/2002 ","TRÊS MARIAS",566.88
"6/24/2002 ","TRÊS MARIAS",566.84
"6/25/2002 ","TRÊS MARIAS",566.82
"6/26/2002 ","TRÊS MARIAS",566.78
"6/27/2002 ","TRÊS MARIAS",566.74
"6/28/2002 ","TRÊS MARIAS",566.71
"6/29/2002 ","TRÊS MARIAS",566.67
"6/30/2002 ","TRÊS MARIAS",566.64
"7/1/2002 ","TRÊS MARIAS",566.6
"7/2/2002 ","TRÊS MARIAS",566.57
"7/3/2002 ","TRÊS MARIAS",566.54
"7/4/2002 ","TRÊS MARIAS",566.5
"7/5/2002 ","TRÊS MARIAS",566.47
"7/6/2002 ","TRÊS MARIAS",566.43
"7/7/2002 ","TRÊS MARIAS",566.39
"7/8/2002 ","TRÊS MARIAS",566.36
"7/9/2002 ","TRÊS MARIAS",566.32
"7/10/2002 ","TRÊS MARIAS",566.28
"7/11/2002 ","TRÊS MARIAS",566.27
"7/12/2002 ","TRÊS MARIAS",566.23
"7/13/2002 ","TRÊS MARIAS",566.19
"7/14/2002 ","TRÊS MARIAS",566.16
"7/15/2002 ","TRÊS MARIAS",566.12
"7/16/2002 ","TRÊS MARIAS",566.09
"7/17/2002 ","TRÊS MARIAS",566.06
"7/18/2002 ","TRÊS MARIAS",566.03
"7/19/2002 ","TRÊS MARIAS",565.99
"7/20/2002 ","TRÊS MARIAS",565.95
"7/21/2002 ","TRÊS MARIAS",565.92
"7/22/2002 ","TRÊS MARIAS",565.87
"7/23/2002 ","TRÊS MARIAS",565.84
"7/24/2002 ","TRÊS MARIAS",565.81
"7/25/2002 ","TRÊS MARIAS",565.78
"7/26/2002 ","TRÊS MARIAS",565.74
"7/27/2002 ","TRÊS MARIAS",565.7
"7/28/2002 ","TRÊS MARIAS",565.66
"7/29/2002 ","TRÊS MARIAS",565.61
"7/30/2002 ","TRÊS MARIAS",565.58
"7/31/2002 ","TRÊS MARIAS",565.54
"8/1/2002 ","TRÊS MARIAS",565.5
"8/2/2002 ","TRÊS MARIAS",565.46
"8/3/2002 ","TRÊS MARIAS",565.42
"8/4/2002 ","TRÊS MARIAS",565.38
"8/5/2002 ","TRÊS MARIAS",565.34
"8/6/2002 ","TRÊS MARIAS",565.3
"8/7/2002 ","TRÊS MARIAS",565.25
"8/8/2002 ","TRÊS MARIAS",565.2
"8/9/2002 ","TRÊS MARIAS",565.16
"8/10/2002 ","TRÊS MARIAS",565.12
"8/11/2002 ","TRÊS MARIAS",565.09
"8/12/2002 ","TRÊS MARIAS",565.05
"8/13/2002 ","TRÊS MARIAS",565
"8/14/2002 ","TRÊS MARIAS",564.96
"8/15/2002 ","TRÊS MARIAS",564.92
"8/16/2002 ","TRÊS MARIAS",564.87
"8/17/2002 ","TRÊS MARIAS",564.81
"8/18/2002 ","TRÊS MARIAS",564.75
"8/19/2002 ","TRÊS MARIAS",564.69
"8/20/2002 ","TRÊS MARIAS",564.65
"8/21/2002 ","TRÊS MARIAS",564.61
"8/22/2002 ","TRÊS MARIAS",564.57
"8/23/2002 ","TRÊS MARIAS",564.54
"8/24/2002 ","TRÊS MARIAS",564.46
"8/25/2002 ","TRÊS MARIAS",564.39
"8/26/2002 ","TRÊS MARIAS",564.32
"8/27/2002 ","TRÊS MARIAS",564.26
"8/28/2002 ","TRÊS MARIAS",564.21
"8/29/2002 ","TRÊS MARIAS",564.14
"8/30/2002 ","TRÊS MARIAS",564.06
"8/31/2002 ","TRÊS MARIAS",564.02
"9/1/2002 ","TRÊS MARIAS",563.9
"9/2/2002 ","TRÊS MARIAS",563.82
"9/3/2002 ","TRÊS MARIAS",563.73
"9/4/2002 ","TRÊS MARIAS",563.66
"9/5/2002 ","TRÊS MARIAS",563.6
"9/6/2002 ","TRÊS MARIAS",563.56
"9/7/2002 ","TRÊS MARIAS",563.5
"9/8/2002 ","TRÊS MARIAS",563.45
"9/9/2002 ","TRÊS MARIAS",563.36
"9/10/2002 ","TRÊS MARIAS",563.29
"9/11/2002 ","TRÊS MARIAS",563.21
"9/12/2002 ","TRÊS MARIAS",563.14
"9/13/2002 ","TRÊS MARIAS",563.07
"9/14/2002 ","TRÊS MARIAS",562.99
"9/15/2002 ","TRÊS MARIAS",562.92
"9/16/2002 ","TRÊS MARIAS",562.84
"9/17/2002 ","TRÊS MARIAS",562.76
"9/18/2002 ","TRÊS MARIAS",562.68
"9/19/2002 ","TRÊS MARIAS",562.6
"9/20/2002 ","TRÊS MARIAS",562.52
"9/21/2002 ","TRÊS MARIAS",562.44
"9/22/2002 ","TRÊS MARIAS",562.38
"9/23/2002 ","TRÊS MARIAS",562.33
"9/24/2002 ","TRÊS MARIAS",562.28
"9/25/2002 ","TRÊS MARIAS",562.25
"9/26/2002 ","TRÊS MARIAS",562.18
"9/27/2002 ","TRÊS MARIAS",562.11
"9/28/2002 ","TRÊS MARIAS",562.02
"9/29/2002 ","TRÊS MARIAS",561.97
"9/30/2002 ","TRÊS MARIAS",561.9
"10/1/2002 ","TRÊS MARIAS",561.84
"10/2/2002 ","TRÊS MARIAS",561.77
"10/3/2002 ","TRÊS MARIAS",561.69
"10/4/2002 ","TRÊS MARIAS",561.61
"10/5/2002 ","TRÊS MARIAS",561.53
"10/6/2002 ","TRÊS MARIAS",561.46
"10/7/2002 ","TRÊS MARIAS",561.37
"10/8/2002 ","TRÊS MARIAS",561.28
"10/9/2002 ","TRÊS MARIAS",561.21
"10/10/2002 ","TRÊS MARIAS",561.12
"10/11/2002 ","TRÊS MARIAS",561.03
"10/12/2002 ","TRÊS MARIAS",560.94
"10/13/2002 ","TRÊS MARIAS",560.85
"10/14/2002 ","TRÊS MARIAS",560.76
"10/15/2002 ","TRÊS MARIAS",560.67
"10/16/2002 ","TRÊS MARIAS",560.58
"10/17/2002 ","TRÊS MARIAS",560.49
"10/18/2002 ","TRÊS MARIAS",560.34
"10/19/2002 ","TRÊS MARIAS",560.25
"10/20/2002 ","TRÊS MARIAS",560.14
"10/21/2002 ","TRÊS MARIAS",560.04
"10/22/2002 ","TRÊS MARIAS",559.97
"10/23/2002 ","TRÊS MARIAS",559.87
"10/24/2002 ","TRÊS MARIAS",559.77
"10/25/2002 ","TRÊS MARIAS",559.66
"10/26/2002 ","TRÊS MARIAS",559.58
"10/27/2002 ","TRÊS MARIAS",559.57
"10/28/2002 ","TRÊS MARIAS",559.39
"10/29/2002 ","TRÊS MARIAS",559.3
"10/30/2002 ","TRÊS MARIAS",559.23
"10/31/2002 ","TRÊS MARIAS",559.14
"11/1/2002 ","TRÊS MARIAS",559.08
"11/2/2002 ","TRÊS MARIAS",559.01
"11/3/2002 ","TRÊS MARIAS",558.94
"11/4/2002 ","TRÊS MARIAS",558.86
"11/5/2002 ","TRÊS MARIAS",558.84
"11/6/2002 ","TRÊS MARIAS",558.9
"11/7/2002 ","TRÊS MARIAS",558.85
"11/8/2002 ","TRÊS MARIAS",558.78
"11/9/2002 ","TRÊS MARIAS",558.72
"11/10/2002 ","TRÊS MARIAS",558.67
"11/11/2002 ","TRÊS MARIAS",558.61
"11/12/2002 ","TRÊS MARIAS",558.57
"11/13/2002 ","TRÊS MARIAS",558.52
"11/14/2002 ","TRÊS MARIAS",558.44
"11/15/2002 ","TRÊS MARIAS",558.39
"11/16/2002 ","TRÊS MARIAS",558.32
"11/17/2002 ","TRÊS MARIAS",558.26
"11/18/2002 ","TRÊS MARIAS",558.18
"11/19/2002 ","TRÊS MARIAS",558.12
"11/20/2002 ","TRÊS MARIAS",558.03
"11/21/2002 ","TRÊS MARIAS",557.97
"11/22/2002 ","TRÊS MARIAS",557.95
"11/23/2002 ","TRÊS MARIAS",557.92
"11/24/2002 ","TRÊS MARIAS",557.87
"11/25/2002 ","TRÊS MARIAS",557.82
"11/26/2002 ","TRÊS MARIAS",557.77
"11/27/2002 ","TRÊS MARIAS",557.73
"11/28/2002 ","TRÊS MARIAS",557.68
"11/29/2002 ","TRÊS MARIAS",557.63
"11/30/2002 ","TRÊS MARIAS",557.56
"12/1/2002 ","TRÊS MARIAS",557.49
"12/2/2002 ","TRÊS MARIAS",557.42
"12/3/2002 ","TRÊS MARIAS",557.34
"12/4/2002 ","TRÊS MARIAS",557.28
"12/5/2002 ","TRÊS MARIAS",557.18
"12/6/2002 ","TRÊS MARIAS",557.06
"12/7/2002 ","TRÊS MARIAS",556.97
"12/8/2002 ","TRÊS MARIAS",556.89
"12/9/2002 ","TRÊS MARIAS",556.84
"12/10/2002 ","TRÊS MARIAS",556.87
"12/11/2002 ","TRÊS MARIAS",556.89
"12/12/2002 ","TRÊS MARIAS",556.88
"12/13/2002 ","TRÊS MARIAS",556.91
"12/14/2002 ","TRÊS MARIAS",557.18
"12/15/2002 ","TRÊS MARIAS",557.35
"12/16/2002 ","TRÊS MARIAS",557.49
"12/17/2002 ","TRÊS MARIAS",557.63
"12/18/2002 ","TRÊS MARIAS",557.72
"12/19/2002 ","TRÊS MARIAS",557.81
"12/20/2002 ","TRÊS MARIAS",557.88
"12/21/2002 ","TRÊS MARIAS",557.94
"12/22/2002 ","TRÊS MARIAS",558
"12/23/2002 ","TRÊS MARIAS",558.01
"12/24/2002 ","TRÊS MARIAS",558.03
"12/25/2002 ","TRÊS MARIAS",558.06
"12/26/2002 ","TRÊS MARIAS",558.16
"12/27/2002 ","TRÊS MARIAS",558.19
"12/28/2002 ","TRÊS MARIAS",558.2
"12/29/2002 ","TRÊS MARIAS",558.22
"12/30/2002 ","TRÊS MARIAS",558.22
"12/31/2002 ","TRÊS MARIAS",558.25
"1/1/2003 ","TRÊS MARIAS",558.31
"1/2/2003 ","TRÊS MARIAS",558.35
"1/3/2003 ","TRÊS MARIAS",558.4
"1/4/2003 ","TRÊS MARIAS",558.51
"1/5/2003 ","TRÊS MARIAS",558.64
"1/6/2003 ","TRÊS MARIAS",558.74
"1/7/2003 ","TRÊS MARIAS",558.87
"1/8/2003 ","TRÊS MARIAS",558.99
"1/9/2003 ","TRÊS MARIAS",559.11
"1/10/2003 ","TRÊS MARIAS",559.26
"1/11/2003 ","TRÊS MARIAS",559.34
"1/12/2003 ","TRÊS MARIAS",559.4
"1/13/2003 ","TRÊS MARIAS",559.48
"1/14/2003 ","TRÊS MARIAS",559.55
"1/15/2003 ","TRÊS MARIAS",559.66
"1/16/2003 ","TRÊS MARIAS",559.76
"1/17/2003 ","TRÊS MARIAS",559.9
"1/18/2003 ","TRÊS MARIAS",560.05
"1/19/2003 ","TRÊS MARIAS",560.26
"1/20/2003 ","TRÊS MARIAS",560.57
"1/21/2003 ","TRÊS MARIAS",560.8
"1/22/2003 ","TRÊS MARIAS",561
"1/23/2003 ","TRÊS MARIAS",561.2
"1/24/2003 ","TRÊS MARIAS",561.39
"1/25/2003 ","TRÊS MARIAS",561.56
"1/26/2003 ","TRÊS MARIAS",561.72
"1/27/2003 ","TRÊS MARIAS",561.82
"1/28/2003 ","TRÊS MARIAS",561.92
"1/29/2003 ","TRÊS MARIAS",562.05
"1/30/2003 ","TRÊS MARIAS",562.22
"1/31/2003 ","TRÊS MARIAS",562.37
"2/1/2003 ","TRÊS MARIAS",562.53
"2/2/2003 ","TRÊS MARIAS",562.72
"2/3/2003 ","TRÊS MARIAS",562.87
"2/4/2003 ","TRÊS MARIAS",562.97
"2/5/2003 ","TRÊS MARIAS",563.07
"2/6/2003 ","TRÊS MARIAS",563.16
"2/7/2003 ","TRÊS MARIAS",563.23
"2/8/2003 ","TRÊS MARIAS",563.29
"2/9/2003 ","TRÊS MARIAS",563.35
"2/10/2003 ","TRÊS MARIAS",563.4
"2/11/2003 ","TRÊS MARIAS",563.46
"2/12/2003 ","TRÊS MARIAS",563.49
"2/13/2003 ","TRÊS MARIAS",563.52
"2/14/2003 ","TRÊS MARIAS",563.54
"2/15/2003 ","TRÊS MARIAS",563.56
"2/16/2003 ","TRÊS MARIAS",563.64
"2/17/2003 ","TRÊS MARIAS",563.67
"2/18/2003 ","TRÊS MARIAS",563.73
"2/19/2003 ","TRÊS MARIAS",563.85
"2/20/2003 ","TRÊS MARIAS",564
"2/21/2003 ","TRÊS MARIAS",564.06
"2/22/2003 ","TRÊS MARIAS",564.11
"2/23/2003 ","TRÊS MARIAS",564.14
"2/24/2003 ","TRÊS MARIAS",564.15
"2/25/2003 ","TRÊS MARIAS",564.16
"2/26/2003 ","TRÊS MARIAS",564.16
"2/27/2003 ","TRÊS MARIAS",564.16
"2/28/2003 ","TRÊS MARIAS",564.14
"3/1/2003 ","TRÊS MARIAS",564.13
"3/2/2003 ","TRÊS MARIAS",564.11
"3/3/2003 ","TRÊS MARIAS",564.08
"3/4/2003 ","TRÊS MARIAS",564.1
"3/5/2003 ","TRÊS MARIAS",564.11
"3/6/2003 ","TRÊS MARIAS",564.12
"3/7/2003 ","TRÊS MARIAS",564.09
"3/8/2003 ","TRÊS MARIAS",564.08
"3/9/2003 ","TRÊS MARIAS",564.05
"3/10/2003 ","TRÊS MARIAS",564.05
"3/11/2003 ","TRÊS MARIAS",564.04
"3/12/2003 ","TRÊS MARIAS",564.04
"3/13/2003 ","TRÊS MARIAS",564.03
"3/14/2003 ","TRÊS MARIAS",564.06
"3/15/2003 ","TRÊS MARIAS",564.1
"3/16/2003 ","TRÊS MARIAS",564.17
"3/17/2003 ","TRÊS MARIAS",564.19
"3/18/2003 ","TRÊS MARIAS",564.35
"3/19/2003 ","TRÊS MARIAS",564.45
"3/20/2003 ","TRÊS MARIAS",564.54
"3/21/2003 ","TRÊS MARIAS",564.6
"3/22/2003 ","TRÊS MARIAS",564.68
"3/23/2003 ","TRÊS MARIAS",564.76
"3/24/2003 ","TRÊS MARIAS",564.81
"3/25/2003 ","TRÊS MARIAS",564.84
"3/26/2003 ","TRÊS MARIAS",564.92
"3/27/2003 ","TRÊS MARIAS",564.94
"3/28/2003 ","TRÊS MARIAS",564.94
"3/29/2003 ","TRÊS MARIAS",564.94
"3/30/2003 ","TRÊS MARIAS",564.95
"3/31/2003 ","TRÊS MARIAS",564.95
"4/1/2003 ","TRÊS MARIAS",564.94
"4/2/2003 ","TRÊS MARIAS",564.9
"4/3/2003 ","TRÊS MARIAS",564.9
"4/4/2003 ","TRÊS MARIAS",564.88
"4/5/2003 ","TRÊS MARIAS",564.88
"4/6/2003 ","TRÊS MARIAS",564.88
"4/7/2003 ","TRÊS MARIAS",564.91
"4/8/2003 ","TRÊS MARIAS",564.91
"4/9/2003 ","TRÊS MARIAS",564.93
"4/10/2003 ","TRÊS MARIAS",564.93
"4/11/2003 ","TRÊS MARIAS",564.94
"4/12/2003 ","TRÊS MARIAS",564.94
"4/13/2003 ","TRÊS MARIAS",564.94
"4/14/2003 ","TRÊS MARIAS",564.94
"4/15/2003 ","TRÊS MARIAS",564.94
"4/16/2003 ","TRÊS MARIAS",564.94
"4/17/2003 ","TRÊS MARIAS",564.93
"4/18/2003 ","TRÊS MARIAS",564.92
"4/19/2003 ","TRÊS MARIAS",564.91
"4/20/2003 ","TRÊS MARIAS",564.9
"4/21/2003 ","TRÊS MARIAS",564.88
"4/22/2003 ","TRÊS MARIAS",564.88
"4/23/2003 ","TRÊS MARIAS",564.86
"4/24/2003 ","TRÊS MARIAS",564.84
"4/25/2003 ","TRÊS MARIAS",564.82
"4/26/2003 ","TRÊS MARIAS",564.8
"4/27/2003 ","TRÊS MARIAS",564.78
"4/28/2003 ","TRÊS MARIAS",564.76
"4/29/2003 ","TRÊS MARIAS",564.75
"4/30/2003 ","TRÊS MARIAS",564.73
"5/1/2003 ","TRÊS MARIAS",564.7
"5/2/2003 ","TRÊS MARIAS",564.68
"5/3/2003 ","TRÊS MARIAS",564.67
"5/4/2003 ","TRÊS MARIAS",564.64
"5/5/2003 ","TRÊS MARIAS",564.65
"5/6/2003 ","TRÊS MARIAS",564.63
"5/7/2003 ","TRÊS MARIAS",564.63
"5/8/2003 ","TRÊS MARIAS",564.62
"5/9/2003 ","TRÊS MARIAS",564.61
"5/10/2003 ","TRÊS MARIAS",564.6
"5/11/2003 ","TRÊS MARIAS",564.59
"5/12/2003 ","TRÊS MARIAS",564.57
"5/13/2003 ","TRÊS MARIAS",564.54
"5/14/2003 ","TRÊS MARIAS",564.51
"5/15/2003 ","TRÊS MARIAS",564.48
"5/16/2003 ","TRÊS MARIAS",564.47
"5/17/2003 ","TRÊS MARIAS",564.44
"5/18/2003 ","TRÊS MARIAS",564.41
"5/19/2003 ","TRÊS MARIAS",564.39
"5/20/2003 ","TRÊS MARIAS",564.36
"5/21/2003 ","TRÊS MARIAS",564.33
"5/22/2003 ","TRÊS MARIAS",564.31
"5/23/2003 ","TRÊS MARIAS",564.28
"5/24/2003 ","TRÊS MARIAS",564.26
"5/25/2003 ","TRÊS MARIAS",564.23
"5/26/2003 ","TRÊS MARIAS",564.2
"5/27/2003 ","TRÊS MARIAS",564.17
"5/28/2003 ","TRÊS MARIAS",564.13
"5/29/2003 ","TRÊS MARIAS",564.12
"5/30/2003 ","TRÊS MARIAS",564.09
"5/31/2003 ","TRÊS MARIAS",564.06
"6/1/2003 ","TRÊS MARIAS",564.04
"6/2/2003 ","TRÊS MARIAS",564
"6/3/2003 ","TRÊS MARIAS",563.97
"6/4/2003 ","TRÊS MARIAS",563.94
"6/5/2003 ","TRÊS MARIAS",563.91
"6/6/2003 ","TRÊS MARIAS",563.88
"6/7/2003 ","TRÊS MARIAS",563.86
"6/8/2003 ","TRÊS MARIAS",563.83
"6/9/2003 ","TRÊS MARIAS",563.8
"6/10/2003 ","TRÊS MARIAS",563.76
"6/11/2003 ","TRÊS MARIAS",563.73
"6/12/2003 ","TRÊS MARIAS",563.69
"6/13/2003 ","TRÊS MARIAS",563.66
"6/14/2003 ","TRÊS MARIAS",563.63
"6/15/2003 ","TRÊS MARIAS",563.6
"6/16/2003 ","TRÊS MARIAS",563.56
"6/17/2003 ","TRÊS MARIAS",563.53
"6/18/2003 ","TRÊS MARIAS",563.5
"6/19/2003 ","TRÊS MARIAS",563.46
"6/20/2003 ","TRÊS MARIAS",563.42
"6/21/2003 ","TRÊS MARIAS",563.38
"6/22/2003 ","TRÊS MARIAS",563.35
"6/23/2003 ","TRÊS MARIAS",563.31
"6/24/2003 ","TRÊS MARIAS",563.28
"6/25/2003 ","TRÊS MARIAS",563.21
"6/26/2003 ","TRÊS MARIAS",563.15
"6/27/2003 ","TRÊS MARIAS",563.1
"6/28/2003 ","TRÊS MARIAS",563.06
"6/29/2003 ","TRÊS MARIAS",563.02
"6/30/2003 ","TRÊS MARIAS",562.99
"7/1/2003 ","TRÊS MARIAS",562.95
"7/2/2003 ","TRÊS MARIAS",562.93
"7/3/2003 ","TRÊS MARIAS",562.89
"7/4/2003 ","TRÊS MARIAS",562.86
"7/5/2003 ","TRÊS MARIAS",562.83
"7/6/2003 ","TRÊS MARIAS",562.79
"7/7/2003 ","TRÊS MARIAS",562.75
"7/8/2003 ","TRÊS MARIAS",562.72
"7/9/2003 ","TRÊS MARIAS",562.68
"7/10/2003 ","TRÊS MARIAS",562.65
"7/11/2003 ","TRÊS MARIAS",562.62
"7/12/2003 ","TRÊS MARIAS",562.6
"7/13/2003 ","TRÊS MARIAS",562.56
"7/14/2003 ","TRÊS MARIAS",562.52
"7/15/2003 ","TRÊS MARIAS",562.47
"7/16/2003 ","TRÊS MARIAS",562.44
"7/17/2003 ","TRÊS MARIAS",562.39
"7/18/2003 ","TRÊS MARIAS",562.35
"7/19/2003 ","TRÊS MARIAS",562.31
"7/20/2003 ","TRÊS MARIAS",562.26
"7/21/2003 ","TRÊS MARIAS",562.23
"7/22/2003 ","TRÊS MARIAS",562.19
"7/23/2003 ","TRÊS MARIAS",562.14
"7/24/2003 ","TRÊS MARIAS",562.11
"7/25/2003 ","TRÊS MARIAS",562.07
"7/26/2003 ","TRÊS MARIAS",562.03
"7/27/2003 ","TRÊS MARIAS",561.97
"7/28/2003 ","TRÊS MARIAS",561.93
"7/29/2003 ","TRÊS MARIAS",561.88
"7/30/2003 ","TRÊS MARIAS",561.84
"7/31/2003 ","TRÊS MARIAS",561.79
"8/1/2003 ","TRÊS MARIAS",561.75
"8/2/2003 ","TRÊS MARIAS",561.7
"8/3/2003 ","TRÊS MARIAS",561.67
"8/4/2003 ","TRÊS MARIAS",561.62
"8/5/2003 ","TRÊS MARIAS",561.57
"8/6/2003 ","TRÊS MARIAS",561.53
"8/7/2003 ","TRÊS MARIAS",561.49
"8/8/2003 ","TRÊS MARIAS",561.42
"8/9/2003 ","TRÊS MARIAS",561.38
"8/10/2003 ","TRÊS MARIAS",561.32
"8/11/2003 ","TRÊS MARIAS",561.26
"8/12/2003 ","TRÊS MARIAS",561.21
"8/13/2003 ","TRÊS MARIAS",561.18
"8/14/2003 ","TRÊS MARIAS",561.12
"8/15/2003 ","TRÊS MARIAS",561.06
"8/16/2003 ","TRÊS MARIAS",560.99
"8/17/2003 ","TRÊS MARIAS",560.92
"8/18/2003 ","TRÊS MARIAS",560.87
"8/19/2003 ","TRÊS MARIAS",560.81
"8/20/2003 ","TRÊS MARIAS",560.77
"8/21/2003 ","TRÊS MARIAS",560.71
"8/22/2003 ","TRÊS MARIAS",560.67
"8/23/2003 ","TRÊS MARIAS",560.62
"8/24/2003 ","TRÊS MARIAS",560.54
"8/25/2003 ","TRÊS MARIAS",560.51
"8/26/2003 ","TRÊS MARIAS",560.47
"8/27/2003 ","TRÊS MARIAS",560.41
"8/28/2003 ","TRÊS MARIAS",560.37
"8/29/2003 ","TRÊS MARIAS",560.35
"8/30/2003 ","TRÊS MARIAS",560.32
"8/31/2003 ","TRÊS MARIAS",560.24
"9/1/2003 ","TRÊS MARIAS",560.19
"9/2/2003 ","TRÊS MARIAS",560.15
"9/3/2003 ","TRÊS MARIAS",560.1
"9/4/2003 ","TRÊS MARIAS",560.05
"9/5/2003 ","TRÊS MARIAS",560.01
"9/6/2003 ","TRÊS MARIAS",559.96
"9/7/2003 ","TRÊS MARIAS",559.92
"9/8/2003 ","TRÊS MARIAS",559.87
"9/9/2003 ","TRÊS MARIAS",559.82
"9/10/2003 ","TRÊS MARIAS",559.76
"9/11/2003 ","TRÊS MARIAS",559.7
"9/12/2003 ","TRÊS MARIAS",559.64
"9/13/2003 ","TRÊS MARIAS",559.6
"9/14/2003 ","TRÊS MARIAS",559.53
"9/15/2003 ","TRÊS MARIAS",559.46
"9/16/2003 ","TRÊS MARIAS",559.43
"9/17/2003 ","TRÊS MARIAS",559.37
"9/18/2003 ","TRÊS MARIAS",559.31
"9/19/2003 ","TRÊS MARIAS",559.25
"9/20/2003 ","TRÊS MARIAS",559.19
"9/21/2003 ","TRÊS MARIAS",559.12
"9/22/2003 ","TRÊS MARIAS",559.06
"9/23/2003 ","TRÊS MARIAS",559
"9/24/2003 ","TRÊS MARIAS",558.94
"9/25/2003 ","TRÊS MARIAS",558.87
"9/26/2003 ","TRÊS MARIAS",558.8
"9/27/2003 ","TRÊS MARIAS",558.73
"9/28/2003 ","TRÊS MARIAS",558.7
"9/29/2003 ","TRÊS MARIAS",558.63
"9/30/2003 ","TRÊS MARIAS",558.56
"10/1/2003 ","TRÊS MARIAS",558.49
"10/2/2003 ","TRÊS MARIAS",558.42
"10/3/2003 ","TRÊS MARIAS",558.35
"10/4/2003 ","TRÊS MARIAS",558.28
"10/5/2003 ","TRÊS MARIAS",558.2
"10/6/2003 ","TRÊS MARIAS",558.12
"10/7/2003 ","TRÊS MARIAS",558.05
"10/8/2003 ","TRÊS MARIAS",557.97
"10/9/2003 ","TRÊS MARIAS",557.89
"10/10/2003 ","TRÊS MARIAS",557.81
"10/11/2003 ","TRÊS MARIAS",557.73
"10/12/2003 ","TRÊS MARIAS",557.65
"10/13/2003 ","TRÊS MARIAS",557.58
"10/14/2003 ","TRÊS MARIAS",557.49
"10/15/2003 ","TRÊS MARIAS",557.43
"10/16/2003 ","TRÊS MARIAS",557.35
"10/17/2003 ","TRÊS MARIAS",557.26
"10/18/2003 ","TRÊS MARIAS",557.18
"10/19/2003 ","TRÊS MARIAS",557.12
"10/20/2003 ","TRÊS MARIAS",557.06
"10/21/2003 ","TRÊS MARIAS",556.99
"10/22/2003 ","TRÊS MARIAS",556.93
"10/23/2003 ","TRÊS MARIAS",556.87
"10/24/2003 ","TRÊS MARIAS",556.81
"10/25/2003 ","TRÊS MARIAS",556.74
"10/26/2003 ","TRÊS MARIAS",556.67
"10/27/2003 ","TRÊS MARIAS",556.61
"10/28/2003 ","TRÊS MARIAS",556.54
"10/29/2003 ","TRÊS MARIAS",556.48
"10/30/2003 ","TRÊS MARIAS",556.41
"10/31/2003 ","TRÊS MARIAS",556.35
"11/1/2003 ","TRÊS MARIAS",556.27
"11/2/2003 ","TRÊS MARIAS",556.24
"11/3/2003 ","TRÊS MARIAS",556.19
"11/4/2003 ","TRÊS MARIAS",556.11
"11/5/2003 ","TRÊS MARIAS",556.04
"11/6/2003 ","TRÊS MARIAS",556
"11/7/2003 ","TRÊS MARIAS",555.95
"11/8/2003 ","TRÊS MARIAS",555.9
"11/9/2003 ","TRÊS MARIAS",555.83
"11/10/2003 ","TRÊS MARIAS",555.77
"11/11/2003 ","TRÊS MARIAS",555.73
"11/12/2003 ","TRÊS MARIAS",555.68
"11/13/2003 ","TRÊS MARIAS",555.63
"11/14/2003 ","TRÊS MARIAS",555.56
"11/15/2003 ","TRÊS MARIAS",555.51
"11/16/2003 ","TRÊS MARIAS",555.45
"11/17/2003 ","TRÊS MARIAS",555.39
"11/18/2003 ","TRÊS MARIAS",555.34
"11/19/2003 ","TRÊS MARIAS",555.29
"11/20/2003 ","TRÊS MARIAS",555.23
"11/21/2003 ","TRÊS MARIAS",555.2
"11/22/2003 ","TRÊS MARIAS",555.19
"11/23/2003 ","TRÊS MARIAS",555.14
"11/24/2003 ","TRÊS MARIAS",555.09
"11/25/2003 ","TRÊS MARIAS",555.04
"11/26/2003 ","TRÊS MARIAS",554.99
"11/27/2003 ","TRÊS MARIAS",554.95
"11/28/2003 ","TRÊS MARIAS",554.9
"11/29/2003 ","TRÊS MARIAS",554.84
"11/30/2003 ","TRÊS MARIAS",554.8
"12/1/2003 ","TRÊS MARIAS",554.84
"12/2/2003 ","TRÊS MARIAS",554.92
"12/3/2003 ","TRÊS MARIAS",555
"12/4/2003 ","TRÊS MARIAS",555.08
"12/5/2003 ","TRÊS MARIAS",555.18
"12/6/2003 ","TRÊS MARIAS",555.25
"12/7/2003 ","TRÊS MARIAS",555.52
"12/8/2003 ","TRÊS MARIAS",555.7
"12/9/2003 ","TRÊS MARIAS",555.86
"12/10/2003 ","TRÊS MARIAS",555.98
"12/11/2003 ","TRÊS MARIAS",556.05
"12/12/2003 ","TRÊS MARIAS",556.1
"12/13/2003 ","TRÊS MARIAS",556.15
"12/14/2003 ","TRÊS MARIAS",556.16
"12/15/2003 ","TRÊS MARIAS",556.16
"12/16/2003 ","TRÊS MARIAS",556.15
"12/17/2003 ","TRÊS MARIAS",556.14
"12/18/2003 ","TRÊS MARIAS",556.1
"12/19/2003 ","TRÊS MARIAS",556.08
"12/20/2003 ","TRÊS MARIAS",556.05
"12/21/2003 ","TRÊS MARIAS",556.02
"12/22/2003 ","TRÊS MARIAS",555.99
"12/23/2003 ","TRÊS MARIAS",555.95
"12/24/2003 ","TRÊS MARIAS",555.94
"12/25/2003 ","TRÊS MARIAS",555.91
"12/26/2003 ","TRÊS MARIAS",555.91
"12/27/2003 ","TRÊS MARIAS",555.9
"12/28/2003 ","TRÊS MARIAS",556.01
"12/29/2003 ","TRÊS MARIAS",556.03
"12/30/2003 ","TRÊS MARIAS",556.02
"12/31/2003 ","TRÊS MARIAS",556.01
"1/1/2004 ","TRÊS MARIAS",556.03
"1/2/2004 ","TRÊS MARIAS",556.08
"1/3/2004 ","TRÊS MARIAS",556.13
"1/4/2004 ","TRÊS MARIAS",556.2
"1/5/2004 ","TRÊS MARIAS",556.31
"1/6/2004 ","TRÊS MARIAS",556.38
"1/7/2004 ","TRÊS MARIAS",556.49
"1/8/2004 ","TRÊS MARIAS",556.57
"1/9/2004 ","TRÊS MARIAS",556.63
"1/10/2004 ","TRÊS MARIAS",556.71
"1/11/2004 ","TRÊS MARIAS",556.95
"1/12/2004 ","TRÊS MARIAS",557.22
"1/13/2004 ","TRÊS MARIAS",557.57
"1/14/2004 ","TRÊS MARIAS",557.84
"1/15/2004 ","TRÊS MARIAS",558.11
"1/16/2004 ","TRÊS MARIAS",558.36
"1/17/2004 ","TRÊS MARIAS",558.57
"1/18/2004 ","TRÊS MARIAS",558.72
"1/19/2004 ","TRÊS MARIAS",558.84
"1/20/2004 ","TRÊS MARIAS",558.92
"1/21/2004 ","TRÊS MARIAS",558.98
"1/22/2004 ","TRÊS MARIAS",559.04
"1/23/2004 ","TRÊS MARIAS",559.26
"1/24/2004 ","TRÊS MARIAS",559.34
"1/25/2004 ","TRÊS MARIAS",559.41
"1/26/2004 ","TRÊS MARIAS",559.48
"1/27/2004 ","TRÊS MARIAS",559.56
"1/28/2004 ","TRÊS MARIAS",559.63
"1/29/2004 ","TRÊS MARIAS",559.69
"1/30/2004 ","TRÊS MARIAS",559.75
"1/31/2004 ","TRÊS MARIAS",559.81
"2/1/2004 ","TRÊS MARIAS",559.86
"2/2/2004 ","TRÊS MARIAS",559.94
"2/3/2004 ","TRÊS MARIAS",560.01
"2/4/2004 ","TRÊS MARIAS",560.08
"2/5/2004 ","TRÊS MARIAS",560.14
"2/6/2004 ","TRÊS MARIAS",560.19
"2/7/2004 ","TRÊS MARIAS",560.22
"2/8/2004 ","TRÊS MARIAS",560.4
"2/9/2004 ","TRÊS MARIAS",560.58
"2/10/2004 ","TRÊS MARIAS",560.72
"2/11/2004 ","TRÊS MARIAS",561
"2/12/2004 ","TRÊS MARIAS",561.32
"2/13/2004 ","TRÊS MARIAS",561.52
"2/14/2004 ","TRÊS MARIAS",561.7
"2/15/2004 ","TRÊS MARIAS",561.9
"2/16/2004 ","TRÊS MARIAS",562.18
"2/17/2004 ","TRÊS MARIAS",562.32
"2/18/2004 ","TRÊS MARIAS",562.53
"2/19/2004 ","TRÊS MARIAS",562.7
"2/20/2004 ","TRÊS MARIAS",563
"2/21/2004 ","TRÊS MARIAS",563.22
"2/22/2004 ","TRÊS MARIAS",563.44
"2/23/2004 ","TRÊS MARIAS",563.75
"2/24/2004 ","TRÊS MARIAS",563.98
"2/25/2004 ","TRÊS MARIAS",564.18
"2/26/2004 ","TRÊS MARIAS",564.35
"2/27/2004 ","TRÊS MARIAS",564.55
"2/28/2004 ","TRÊS MARIAS",564.75
"2/29/2004 ","TRÊS MARIAS",564.93
"3/1/2004 ","TRÊS MARIAS",565.15
"3/2/2004 ","TRÊS MARIAS",565.36
"3/3/2004 ","TRÊS MARIAS",565.52
"3/4/2004 ","TRÊS MARIAS",565.77
"3/5/2004 ","TRÊS MARIAS",566.1
"3/6/2004 ","TRÊS MARIAS",566.36
"3/7/2004 ","TRÊS MARIAS",566.58
"3/8/2004 ","TRÊS MARIAS",566.75
"3/9/2004 ","TRÊS MARIAS",566.92
"3/10/2004 ","TRÊS MARIAS",567.05
"3/11/2004 ","TRÊS MARIAS",567.18
"3/12/2004 ","TRÊS MARIAS",567.3
"3/13/2004 ","TRÊS MARIAS",567.47
"3/14/2004 ","TRÊS MARIAS",567.59
"3/15/2004 ","TRÊS MARIAS",567.76
"3/16/2004 ","TRÊS MARIAS",568
"3/17/2004 ","TRÊS MARIAS",568.18
"3/18/2004 ","TRÊS MARIAS",568.29
"3/19/2004 ","TRÊS MARIAS",568.52
"3/20/2004 ","TRÊS MARIAS",568.66
"3/21/2004 ","TRÊS MARIAS",568.79
"3/22/2004 ","TRÊS MARIAS",568.92
"3/23/2004 ","TRÊS MARIAS",569.03
"3/24/2004 ","TRÊS MARIAS",569.12
"3/25/2004 ","TRÊS MARIAS",569.2
"3/26/2004 ","TRÊS MARIAS",569.28
"3/27/2004 ","TRÊS MARIAS",569.36
"3/28/2004 ","TRÊS MARIAS",569.42
"3/29/2004 ","TRÊS MARIAS",569.49
"3/30/2004 ","TRÊS MARIAS",569.54
"3/31/2004 ","TRÊS MARIAS",569.61
"4/1/2004 ","TRÊS MARIAS",569.67
"4/2/2004 ","TRÊS MARIAS",569.73
"4/3/2004 ","TRÊS MARIAS",569.78
"4/4/2004 ","TRÊS MARIAS",569.83
"4/5/2004 ","TRÊS MARIAS",569.88
"4/6/2004 ","TRÊS MARIAS",569.92
"4/7/2004 ","TRÊS MARIAS",569.98
"4/8/2004 ","TRÊS MARIAS",570.06
"4/9/2004 ","TRÊS MARIAS",570.18
"4/10/2004 ","TRÊS MARIAS",570.34
"4/11/2004 ","TRÊS MARIAS",570.46
"4/12/2004 ","TRÊS MARIAS",570.62
"4/13/2004 ","TRÊS MARIAS",570.77
"4/14/2004 ","TRÊS MARIAS",570.86
"4/15/2004 ","TRÊS MARIAS",570.92
"4/16/2004 ","TRÊS MARIAS",570.97
"4/17/2004 ","TRÊS MARIAS",571
"4/18/2004 ","TRÊS MARIAS",571.03
"4/19/2004 ","TRÊS MARIAS",571.06
"4/20/2004 ","TRÊS MARIAS",571.1
"4/21/2004 ","TRÊS MARIAS",571.14
"4/22/2004 ","TRÊS MARIAS",571.16
"4/23/2004 ","TRÊS MARIAS",571.19
"4/24/2004 ","TRÊS MARIAS",571.22
"4/25/2004 ","TRÊS MARIAS",571.24
"4/26/2004 ","TRÊS MARIAS",571.28
"4/27/2004 ","TRÊS MARIAS",571.3
"4/28/2004 ","TRÊS MARIAS",571.34
"4/29/2004 ","TRÊS MARIAS",571.35
"4/30/2004 ","TRÊS MARIAS",571.36
"5/1/2004 ","TRÊS MARIAS",571.36
"5/2/2004 ","TRÊS MARIAS",571.36
"5/3/2004 ","TRÊS MARIAS",571.37
"5/4/2004 ","TRÊS MARIAS",571.38
"5/5/2004 ","TRÊS MARIAS",571.39
"5/6/2004 ","TRÊS MARIAS",571.4
"5/7/2004 ","TRÊS MARIAS",571.42
"5/8/2004 ","TRÊS MARIAS",571.42
"5/9/2004 ","TRÊS MARIAS",571.43
"5/10/2004 ","TRÊS MARIAS",571.44
"5/11/2004 ","TRÊS MARIAS",571.44
"5/12/2004 ","TRÊS MARIAS",571.44
"5/13/2004 ","TRÊS MARIAS",571.45
"5/14/2004 ","TRÊS MARIAS",571.46
"5/15/2004 ","TRÊS MARIAS",571.46
"5/16/2004 ","TRÊS MARIAS",571.47
"5/17/2004 ","TRÊS MARIAS",571.46
"5/18/2004 ","TRÊS MARIAS",571.46
"5/19/2004 ","TRÊS MARIAS",571.45
"5/20/2004 ","TRÊS MARIAS",571.44
"5/21/2004 ","TRÊS MARIAS",571.44
"5/22/2004 ","TRÊS MARIAS",571.44
"5/23/2004 ","TRÊS MARIAS",571.45
"5/24/2004 ","TRÊS MARIAS",571.44
"5/25/2004 ","TRÊS MARIAS",571.44
"5/26/2004 ","TRÊS MARIAS",571.45
"5/27/2004 ","TRÊS MARIAS",571.46
"5/28/2004 ","TRÊS MARIAS",571.47
"5/29/2004 ","TRÊS MARIAS",571.47
"5/30/2004 ","TRÊS MARIAS",571.45
"5/31/2004 ","TRÊS MARIAS",571.46
"6/1/2004 ","TRÊS MARIAS",571.46
"6/2/2004 ","TRÊS MARIAS",571.47
"6/3/2004 ","TRÊS MARIAS",571.47
"6/4/2004 ","TRÊS MARIAS",571.48
"6/5/2004 ","TRÊS MARIAS",571.48
"6/6/2004 ","TRÊS MARIAS",571.49
"6/7/2004 ","TRÊS MARIAS",571.5
"6/8/2004 ","TRÊS MARIAS",571.5
"6/9/2004 ","TRÊS MARIAS",571.5
"6/10/2004 ","TRÊS MARIAS",571.5
"6/11/2004 ","TRÊS MARIAS",571.5
"6/12/2004 ","TRÊS MARIAS",571.5
"6/13/2004 ","TRÊS MARIAS",571.5
"6/14/2004 ","TRÊS MARIAS",571.5
"6/15/2004 ","TRÊS MARIAS",571.49
"6/16/2004 ","TRÊS MARIAS",571.48
"6/17/2004 ","TRÊS MARIAS",571.46
"6/18/2004 ","TRÊS MARIAS",571.46
"6/19/2004 ","TRÊS MARIAS",571.45
"6/20/2004 ","TRÊS MARIAS",571.43
"6/21/2004 ","TRÊS MARIAS",571.42
"6/22/2004 ","TRÊS MARIAS",571.41
"6/23/2004 ","TRÊS MARIAS",571.4
"6/24/2004 ","TRÊS MARIAS",571.39
"6/25/2004 ","TRÊS MARIAS",571.38
"6/26/2004 ","TRÊS MARIAS",571.37
"6/27/2004 ","TRÊS MARIAS",571.36
"6/28/2004 ","TRÊS MARIAS",571.34
"6/29/2004 ","TRÊS MARIAS",571.34
"6/30/2004 ","TRÊS MARIAS",571.32
"7/1/2004 ","TRÊS MARIAS",571.3
"7/2/2004 ","TRÊS MARIAS",571.29
"7/3/2004 ","TRÊS MARIAS",571.27
"7/4/2004 ","TRÊS MARIAS",571.26
"7/5/2004 ","TRÊS MARIAS",571.24
"7/6/2004 ","TRÊS MARIAS",571.23
"7/7/2004 ","TRÊS MARIAS",571.21
"7/8/2004 ","TRÊS MARIAS",571.2
"7/9/2004 ","TRÊS MARIAS",571.18
"7/10/2004 ","TRÊS MARIAS",571.17
"7/11/2004 ","TRÊS MARIAS",571.18
"7/12/2004 ","TRÊS MARIAS",571.16
"7/13/2004 ","TRÊS MARIAS",571.14
"7/14/2004 ","TRÊS MARIAS",571.14
"7/15/2004 ","TRÊS MARIAS",571.12
"7/16/2004 ","TRÊS MARIAS",571.11
"7/17/2004 ","TRÊS MARIAS",571.1
"7/18/2004 ","TRÊS MARIAS",571.09
"7/19/2004 ","TRÊS MARIAS",571.06
"7/20/2004 ","TRÊS MARIAS",571.06
"7/21/2004 ","TRÊS MARIAS",571.05
"7/22/2004 ","TRÊS MARIAS",571.04
"7/23/2004 ","TRÊS MARIAS",571.01
"7/24/2004 ","TRÊS MARIAS",570.98
"7/25/2004 ","TRÊS MARIAS",570.95
"7/26/2004 ","TRÊS MARIAS",570.92
"7/27/2004 ","TRÊS MARIAS",570.88
"7/28/2004 ","TRÊS MARIAS",570.85
"7/29/2004 ","TRÊS MARIAS",570.82
"7/30/2004 ","TRÊS MARIAS",570.79
"7/31/2004 ","TRÊS MARIAS",570.75
"8/1/2004 ","TRÊS MARIAS",570.72
"8/2/2004 ","TRÊS MARIAS",570.69
"8/3/2004 ","TRÊS MARIAS",570.66
"8/4/2004 ","TRÊS MARIAS",570.63
"8/5/2004 ","TRÊS MARIAS",570.6
"8/6/2004 ","TRÊS MARIAS",570.56
"8/7/2004 ","TRÊS MARIAS",570.52
"8/8/2004 ","TRÊS MARIAS",570.49
"8/9/2004 ","TRÊS MARIAS",570.46
"8/10/2004 ","TRÊS MARIAS",570.42
"8/11/2004 ","TRÊS MARIAS",570.37
"8/12/2004 ","TRÊS MARIAS",570.36
"8/13/2004 ","TRÊS MARIAS",570.31
"8/14/2004 ","TRÊS MARIAS",570.26
"8/15/2004 ","TRÊS MARIAS",570.22
"8/16/2004 ","TRÊS MARIAS",570.19
"8/17/2004 ","TRÊS MARIAS",570.15
"8/18/2004 ","TRÊS MARIAS",570.12
"8/19/2004 ","TRÊS MARIAS",570.08
"8/20/2004 ","TRÊS MARIAS",570.04
"8/21/2004 ","TRÊS MARIAS",570
"8/22/2004 ","TRÊS MARIAS",569.97
"8/23/2004 ","TRÊS MARIAS",569.93
"8/24/2004 ","TRÊS MARIAS",569.89
"8/25/2004 ","TRÊS MARIAS",569.85
"8/26/2004 ","TRÊS MARIAS",569.81
"8/27/2004 ","TRÊS MARIAS",569.76
"8/28/2004 ","TRÊS MARIAS",569.74
"8/29/2004 ","TRÊS MARIAS",569.7
"8/30/2004 ","TRÊS MARIAS",569.66
"8/31/2004 ","TRÊS MARIAS",569.61
"9/1/2004 ","TRÊS MARIAS",569.57
"9/2/2004 ","TRÊS MARIAS",569.52
"9/3/2004 ","TRÊS MARIAS",569.47
"9/4/2004 ","TRÊS MARIAS",569.44
"9/5/2004 ","TRÊS MARIAS",569.39
"9/6/2004 ","TRÊS MARIAS",569.35
"9/7/2004 ","TRÊS MARIAS",569.3
"9/8/2004 ","TRÊS MARIAS",569.26
"9/9/2004 ","TRÊS MARIAS",569.21
"9/10/2004 ","TRÊS MARIAS",569.17
"9/11/2004 ","TRÊS MARIAS",569.12
"9/12/2004 ","TRÊS MARIAS",569.07
"9/13/2004 ","TRÊS MARIAS",569.01
"9/14/2004 ","TRÊS MARIAS",568.96
"9/15/2004 ","TRÊS MARIAS",568.92
"9/16/2004 ","TRÊS MARIAS",568.87
"9/17/2004 ","TRÊS MARIAS",568.82
"9/18/2004 ","TRÊS MARIAS",568.77
"9/19/2004 ","TRÊS MARIAS",568.72
"9/20/2004 ","TRÊS MARIAS",568.67
"9/21/2004 ","TRÊS MARIAS",568.62
"9/22/2004 ","TRÊS MARIAS",568.56
"9/23/2004 ","TRÊS MARIAS",568.51
"9/24/2004 ","TRÊS MARIAS",568.46
"9/25/2004 ","TRÊS MARIAS",568.41
"9/26/2004 ","TRÊS MARIAS",568.36
"9/27/2004 ","TRÊS MARIAS",568.3
"9/28/2004 ","TRÊS MARIAS",568.24
"9/29/2004 ","TRÊS MARIAS",568.19
"9/30/2004 ","TRÊS MARIAS",568.13
"10/1/2004 ","TRÊS MARIAS",568.09
"10/2/2004 ","TRÊS MARIAS",568.04
"10/3/2004 ","TRÊS MARIAS",568
"10/4/2004 ","TRÊS MARIAS",567.94
"10/5/2004 ","TRÊS MARIAS",567.88
"10/6/2004 ","TRÊS MARIAS",567.82
"10/7/2004 ","TRÊS MARIAS",567.77
"10/8/2004 ","TRÊS MARIAS",567.71
"10/9/2004 ","TRÊS MARIAS",567.65
"10/10/2004 ","TRÊS MARIAS",567.6
"10/11/2004 ","TRÊS MARIAS",567.57
"10/12/2004 ","TRÊS MARIAS",567.52
"10/13/2004 ","TRÊS MARIAS",567.47
"10/14/2004 ","TRÊS MARIAS",567.42
"10/15/2004 ","TRÊS MARIAS",567.36
"10/16/2004 ","TRÊS MARIAS",567.31
"10/17/2004 ","TRÊS MARIAS",567.27
"10/18/2004 ","TRÊS MARIAS",567.21
"10/19/2004 ","TRÊS MARIAS",567.18
"10/20/2004 ","TRÊS MARIAS",567.15
"10/21/2004 ","TRÊS MARIAS",567.09
"10/22/2004 ","TRÊS MARIAS",567.04
"10/23/2004 ","TRÊS MARIAS",566.99
"10/24/2004 ","TRÊS MARIAS",566.93
"10/25/2004 ","TRÊS MARIAS",566.88
"10/26/2004 ","TRÊS MARIAS",566.85
"10/27/2004 ","TRÊS MARIAS",566.81
"10/28/2004 ","TRÊS MARIAS",566.77
"10/29/2004 ","TRÊS MARIAS",566.74
"10/30/2004 ","TRÊS MARIAS",566.7
"10/31/2004 ","TRÊS MARIAS",566.65
"11/1/2004 ","TRÊS MARIAS",566.63
"11/2/2004 ","TRÊS MARIAS",566.58
"11/3/2004 ","TRÊS MARIAS",566.53
"11/4/2004 ","TRÊS MARIAS",566.49
"11/5/2004 ","TRÊS MARIAS",566.46
"11/6/2004 ","TRÊS MARIAS",566.43
"11/7/2004 ","TRÊS MARIAS",566.41
"11/8/2004 ","TRÊS MARIAS",566.38
"11/9/2004 ","TRÊS MARIAS",566.33
"11/10/2004 ","TRÊS MARIAS",566.28
"11/11/2004 ","TRÊS MARIAS",566.23
"11/12/2004 ","TRÊS MARIAS",566.19
"11/13/2004 ","TRÊS MARIAS",566.13
"11/14/2004 ","TRÊS MARIAS",566.09
"11/15/2004 ","TRÊS MARIAS",566.06
"11/16/2004 ","TRÊS MARIAS",566.02
"11/17/2004 ","TRÊS MARIAS",566
"11/18/2004 ","TRÊS MARIAS",565.97
"11/19/2004 ","TRÊS MARIAS",565.95
"11/20/2004 ","TRÊS MARIAS",565.93
"11/21/2004 ","TRÊS MARIAS",565.91
"11/22/2004 ","TRÊS MARIAS",565.88
"11/23/2004 ","TRÊS MARIAS",565.85
"11/24/2004 ","TRÊS MARIAS",565.82
"11/25/2004 ","TRÊS MARIAS",565.79
"11/26/2004 ","TRÊS MARIAS",565.75
"11/27/2004 ","TRÊS MARIAS",565.72
"11/28/2004 ","TRÊS MARIAS",565.7
"11/29/2004 ","TRÊS MARIAS",565.69
"11/30/2004 ","TRÊS MARIAS",565.67
"12/1/2004 ","TRÊS MARIAS",565.66
"12/2/2004 ","TRÊS MARIAS",565.62
"12/3/2004 ","TRÊS MARIAS",565.6
"12/4/2004 ","TRÊS MARIAS",565.59
"12/5/2004 ","TRÊS MARIAS",565.57
"12/6/2004 ","TRÊS MARIAS",565.53
"12/7/2004 ","TRÊS MARIAS",565.51
"12/8/2004 ","TRÊS MARIAS",565.49
"12/9/2004 ","TRÊS MARIAS",565.48
"12/10/2004 ","TRÊS MARIAS",565.49
"12/11/2004 ","TRÊS MARIAS",565.51
"12/12/2004 ","TRÊS MARIAS",565.57
"12/13/2004 ","TRÊS MARIAS",565.64
"12/14/2004 ","TRÊS MARIAS",565.69
"12/15/2004 ","TRÊS MARIAS",565.71
"12/16/2004 ","TRÊS MARIAS",565.72
"12/17/2004 ","TRÊS MARIAS",565.72
"12/18/2004 ","TRÊS MARIAS",565.71
"12/19/2004 ","TRÊS MARIAS",565.71
"12/20/2004 ","TRÊS MARIAS",565.71
"12/21/2004 ","TRÊS MARIAS",565.74
"12/22/2004 ","TRÊS MARIAS",565.84
"12/23/2004 ","TRÊS MARIAS",566.09
"12/24/2004 ","TRÊS MARIAS",566.25
"12/25/2004 ","TRÊS MARIAS",566.43
"12/26/2004 ","TRÊS MARIAS",566.59
"12/27/2004 ","TRÊS MARIAS",566.77
"12/28/2004 ","TRÊS MARIAS",566.94
"12/29/2004 ","TRÊS MARIAS",567.06
"12/30/2004 ","TRÊS MARIAS",567.17
"12/31/2004 ","TRÊS MARIAS",567.27
"1/1/2005 ","TRÊS MARIAS",567.36
"1/2/2005 ","TRÊS MARIAS",567.44
"1/3/2005 ","TRÊS MARIAS",567.52
"1/4/2005 ","TRÊS MARIAS",567.68
"1/5/2005 ","TRÊS MARIAS",567.96
"1/6/2005 ","TRÊS MARIAS",568.14
"1/7/2005 ","TRÊS MARIAS",568.26
"1/8/2005 ","TRÊS MARIAS",568.41
"1/9/2005 ","TRÊS MARIAS",568.52
"1/10/2005 ","TRÊS MARIAS",568.6
"1/11/2005 ","TRÊS MARIAS",568.69
"1/12/2005 ","TRÊS MARIAS",568.76
"1/13/2005 ","TRÊS MARIAS",568.86
"1/14/2005 ","TRÊS MARIAS",568.93
"1/15/2005 ","TRÊS MARIAS",569
"1/16/2005 ","TRÊS MARIAS",569.07
"1/17/2005 ","TRÊS MARIAS",569.12
"1/18/2005 ","TRÊS MARIAS",569.18
"1/19/2005 ","TRÊS MARIAS",569.23
"1/20/2005 ","TRÊS MARIAS",569.31
"1/21/2005 ","TRÊS MARIAS",569.35
"1/22/2005 ","TRÊS MARIAS",569.39
"1/23/2005 ","TRÊS MARIAS",569.41
"1/24/2005 ","TRÊS MARIAS",569.42
"1/25/2005 ","TRÊS MARIAS",569.41
"1/26/2005 ","TRÊS MARIAS",569.4
"1/27/2005 ","TRÊS MARIAS",569.44
"1/28/2005 ","TRÊS MARIAS",569.5
"1/29/2005 ","TRÊS MARIAS",569.57
"1/30/2005 ","TRÊS MARIAS",569.67
"1/31/2005 ","TRÊS MARIAS",569.7
"2/1/2005 ","TRÊS MARIAS",569.8
"2/2/2005 ","TRÊS MARIAS",569.92
"2/3/2005 ","TRÊS MARIAS",569.95
"2/4/2005 ","TRÊS MARIAS",569.95
"2/5/2005 ","TRÊS MARIAS",569.96
"2/6/2005 ","TRÊS MARIAS",569.93
"2/7/2005 ","TRÊS MARIAS",569.92
"2/8/2005 ","TRÊS MARIAS",569.92
"2/9/2005 ","TRÊS MARIAS",569.92
"2/10/2005 ","TRÊS MARIAS",569.9
"2/11/2005 ","TRÊS MARIAS",569.89
"2/12/2005 ","TRÊS MARIAS",569.9
"2/13/2005 ","TRÊS MARIAS",569.9
"2/14/2005 ","TRÊS MARIAS",569.92
"2/15/2005 ","TRÊS MARIAS",569.93
"2/16/2005 ","TRÊS MARIAS",569.94
"2/17/2005 ","TRÊS MARIAS",569.94
"2/18/2005 ","TRÊS MARIAS",569.94
"2/19/2005 ","TRÊS MARIAS",569.95
"2/20/2005 ","TRÊS MARIAS",569.95
"2/21/2005 ","TRÊS MARIAS",569.96
"2/22/2005 ","TRÊS MARIAS",569.99
"2/23/2005 ","TRÊS MARIAS",570.01
"2/24/2005 ","TRÊS MARIAS",570.01
"2/25/2005 ","TRÊS MARIAS",570.01
"2/26/2005 ","TRÊS MARIAS",570.02
"2/27/2005 ","TRÊS MARIAS",570.03
"2/28/2005 ","TRÊS MARIAS",570.06
"3/1/2005 ","TRÊS MARIAS",570.09
"3/2/2005 ","TRÊS MARIAS",570.26
"3/3/2005 ","TRÊS MARIAS",570.47
"3/4/2005 ","TRÊS MARIAS",570.67
"3/5/2005 ","TRÊS MARIAS",570.82
"3/6/2005 ","TRÊS MARIAS",570.9
"3/7/2005 ","TRÊS MARIAS",570.93
"3/8/2005 ","TRÊS MARIAS",570.99
"3/9/2005 ","TRÊS MARIAS",571.01
"3/10/2005 ","TRÊS MARIAS",571.01
"3/11/2005 ","TRÊS MARIAS",571.02
"3/12/2005 ","TRÊS MARIAS",571.04
"3/13/2005 ","TRÊS MARIAS",571.05
"3/14/2005 ","TRÊS MARIAS",571.05
"3/15/2005 ","TRÊS MARIAS",571.06
"3/16/2005 ","TRÊS MARIAS",571.11
"3/17/2005 ","TRÊS MARIAS",571.13
"3/18/2005 ","TRÊS MARIAS",571.16
"3/19/2005 ","TRÊS MARIAS",571.18
"3/20/2005 ","TRÊS MARIAS",571.25
"3/21/2005 ","TRÊS MARIAS",571.31
"3/22/2005 ","TRÊS MARIAS",571.35
"3/23/2005 ","TRÊS MARIAS",571.36
"3/24/2005 ","TRÊS MARIAS",571.37
"3/25/2005 ","TRÊS MARIAS",571.39
"3/26/2005 ","TRÊS MARIAS",571.42
"3/27/2005 ","TRÊS MARIAS",571.45
"3/28/2005 ","TRÊS MARIAS",571.47
"3/29/2005 ","TRÊS MARIAS",571.49
"3/30/2005 ","TRÊS MARIAS",571.51
"3/31/2005 ","TRÊS MARIAS",571.52
"4/1/2005 ","TRÊS MARIAS",571.52
"4/2/2005 ","TRÊS MARIAS",571.52
"4/3/2005 ","TRÊS MARIAS",571.52
"4/4/2005 ","TRÊS MARIAS",571.52
"4/5/2005 ","TRÊS MARIAS",571.52
"4/6/2005 ","TRÊS MARIAS",571.52
"4/7/2005 ","TRÊS MARIAS",571.52
"4/8/2005 ","TRÊS MARIAS",571.52
"4/9/2005 ","TRÊS MARIAS",571.53
"4/10/2005 ","TRÊS MARIAS",571.53
"4/11/2005 ","TRÊS MARIAS",571.54
"4/12/2005 ","TRÊS MARIAS",571.54
"4/13/2005 ","TRÊS MARIAS",571.54
"4/14/2005 ","TRÊS MARIAS",571.54
"4/15/2005 ","TRÊS MARIAS",571.54
"4/16/2005 ","TRÊS MARIAS",571.54
"4/17/2005 ","TRÊS MARIAS",571.54
"4/18/2005 ","TRÊS MARIAS",571.54
"4/19/2005 ","TRÊS MARIAS",571.54
"4/20/2005 ","TRÊS MARIAS",571.54
"4/21/2005 ","TRÊS MARIAS",571.54
"4/22/2005 ","TRÊS MARIAS",571.54
"4/23/2005 ","TRÊS MARIAS",571.54
"4/24/2005 ","TRÊS MARIAS",571.54
"4/25/2005 ","TRÊS MARIAS",571.54
"4/26/2005 ","TRÊS MARIAS",571.55
"4/27/2005 ","TRÊS MARIAS",571.54
"4/28/2005 ","TRÊS MARIAS",571.51
"4/29/2005 ","TRÊS MARIAS",571.5
"4/30/2005 ","TRÊS MARIAS",571.62
"5/1/2005 ","TRÊS MARIAS",571.68
"5/2/2005 ","TRÊS MARIAS",571.68
"5/3/2005 ","TRÊS MARIAS",571.69
"5/4/2005 ","TRÊS MARIAS",571.7
"5/5/2005 ","TRÊS MARIAS",571.71
"5/6/2005 ","TRÊS MARIAS",571.71
"5/7/2005 ","TRÊS MARIAS",571.7
"5/8/2005 ","TRÊS MARIAS",571.7
"5/9/2005 ","TRÊS MARIAS",571.69
"5/10/2005 ","TRÊS MARIAS",571.68
"5/11/2005 ","TRÊS MARIAS",571.68
"5/12/2005 ","TRÊS MARIAS",571.66
"5/13/2005 ","TRÊS MARIAS",571.65
"5/14/2005 ","TRÊS MARIAS",571.65
"5/15/2005 ","TRÊS MARIAS",571.63
"5/16/2005 ","TRÊS MARIAS",571.63
"5/17/2005 ","TRÊS MARIAS",571.62
"5/18/2005 ","TRÊS MARIAS",571.6
"5/19/2005 ","TRÊS MARIAS",571.58
"5/20/2005 ","TRÊS MARIAS",571.57
"5/21/2005 ","TRÊS MARIAS",571.56
"5/22/2005 ","TRÊS MARIAS",571.55
"5/23/2005 ","TRÊS MARIAS",571.54
"5/24/2005 ","TRÊS MARIAS",571.52
"5/25/2005 ","TRÊS MARIAS",571.52
"5/26/2005 ","TRÊS MARIAS",571.54
"5/27/2005 ","TRÊS MARIAS",571.54
"5/28/2005 ","TRÊS MARIAS",571.55
"5/29/2005 ","TRÊS MARIAS",571.56
"5/30/2005 ","TRÊS MARIAS",571.56
"5/31/2005 ","TRÊS MARIAS",571.57
"6/1/2005 ","TRÊS MARIAS",571.57
"6/2/2005 ","TRÊS MARIAS",571.57
"6/3/2005 ","TRÊS MARIAS",571.55
"6/4/2005 ","TRÊS MARIAS",571.54
"6/5/2005 ","TRÊS MARIAS",571.53
"6/6/2005 ","TRÊS MARIAS",571.52
"6/7/2005 ","TRÊS MARIAS",571.51
"6/8/2005 ","TRÊS MARIAS",571.49
"6/9/2005 ","TRÊS MARIAS",571.48
"6/10/2005 ","TRÊS MARIAS",571.47
"6/11/2005 ","TRÊS MARIAS",571.45
"6/12/2005 ","TRÊS MARIAS",571.44
"6/13/2005 ","TRÊS MARIAS",571.42
"6/14/2005 ","TRÊS MARIAS",571.4
"6/15/2005 ","TRÊS MARIAS",571.39
"6/16/2005 ","TRÊS MARIAS",571.36
"6/17/2005 ","TRÊS MARIAS",571.33
"6/18/2005 ","TRÊS MARIAS",571.32
"6/19/2005 ","TRÊS MARIAS",571.3
"6/20/2005 ","TRÊS MARIAS",571.31
"6/21/2005 ","TRÊS MARIAS",571.29
"6/22/2005 ","TRÊS MARIAS",571.27
"6/23/2005 ","TRÊS MARIAS",571.25
"6/24/2005 ","TRÊS MARIAS",571.24
"6/25/2005 ","TRÊS MARIAS",571.23
"6/26/2005 ","TRÊS MARIAS",571.21
"6/27/2005 ","TRÊS MARIAS",571.19
"6/28/2005 ","TRÊS MARIAS",571.19
"6/29/2005 ","TRÊS MARIAS",571.17
"6/30/2005 ","TRÊS MARIAS",571.15
"7/1/2005 ","TRÊS MARIAS",571.12
"7/2/2005 ","TRÊS MARIAS",571.1
"7/3/2005 ","TRÊS MARIAS",571.08
"7/4/2005 ","TRÊS MARIAS",571.05
"7/5/2005 ","TRÊS MARIAS",571.03
"7/6/2005 ","TRÊS MARIAS",571.01
"7/7/2005 ","TRÊS MARIAS",570.99
"7/8/2005 ","TRÊS MARIAS",570.96
"7/9/2005 ","TRÊS MARIAS",570.93
"7/10/2005 ","TRÊS MARIAS",570.91
"7/11/2005 ","TRÊS MARIAS",570.87
"7/12/2005 ","TRÊS MARIAS",570.84
"7/13/2005 ","TRÊS MARIAS",570.8
"7/14/2005 ","TRÊS MARIAS",570.78
"7/15/2005 ","TRÊS MARIAS",570.75
"7/16/2005 ","TRÊS MARIAS",570.72
"7/17/2005 ","TRÊS MARIAS",570.69
"7/18/2005 ","TRÊS MARIAS",570.67
"7/19/2005 ","TRÊS MARIAS",570.64
"7/20/2005 ","TRÊS MARIAS",570.61
"7/21/2005 ","TRÊS MARIAS",570.56
"7/22/2005 ","TRÊS MARIAS",570.53
"7/23/2005 ","TRÊS MARIAS",570.51
"7/24/2005 ","TRÊS MARIAS",570.48
"7/25/2005 ","TRÊS MARIAS",570.46
"7/26/2005 ","TRÊS MARIAS",570.42
"7/27/2005 ","TRÊS MARIAS",570.4
"7/28/2005 ","TRÊS MARIAS",570.36
"7/29/2005 ","TRÊS MARIAS",570.34
"7/30/2005 ","TRÊS MARIAS",570.31
"7/31/2005 ","TRÊS MARIAS",570.27
"8/1/2005 ","TRÊS MARIAS",570.24
"8/2/2005 ","TRÊS MARIAS",570.2
"8/3/2005 ","TRÊS MARIAS",570.17
"8/4/2005 ","TRÊS MARIAS",570.13
"8/5/2005 ","TRÊS MARIAS",570.1
"8/6/2005 ","TRÊS MARIAS",570.06
"8/7/2005 ","TRÊS MARIAS",570.03
"8/8/2005 ","TRÊS MARIAS",569.99
"8/9/2005 ","TRÊS MARIAS",569.95
"8/10/2005 ","TRÊS MARIAS",569.92
"8/11/2005 ","TRÊS MARIAS",569.89
"8/12/2005 ","TRÊS MARIAS",569.85
"8/13/2005 ","TRÊS MARIAS",569.81
"8/14/2005 ","TRÊS MARIAS",569.78
"8/15/2005 ","TRÊS MARIAS",569.75
"8/16/2005 ","TRÊS MARIAS",569.71
"8/17/2005 ","TRÊS MARIAS",569.67
"8/18/2005 ","TRÊS MARIAS",569.63
"8/19/2005 ","TRÊS MARIAS",569.59
"8/20/2005 ","TRÊS MARIAS",569.55
"8/21/2005 ","TRÊS MARIAS",569.52
"8/22/2005 ","TRÊS MARIAS",569.47
"8/23/2005 ","TRÊS MARIAS",569.43
"8/24/2005 ","TRÊS MARIAS",569.39
"8/25/2005 ","TRÊS MARIAS",569.35
"8/26/2005 ","TRÊS MARIAS",569.31
"8/27/2005 ","TRÊS MARIAS",569.27
"8/28/2005 ","TRÊS MARIAS",569.24
"8/29/2005 ","TRÊS MARIAS",569.19
"8/30/2005 ","TRÊS MARIAS",569.16
"8/31/2005 ","TRÊS MARIAS",569.11
"9/1/2005 ","TRÊS MARIAS",569.08
"9/2/2005 ","TRÊS MARIAS",569.05
"9/3/2005 ","TRÊS MARIAS",568.99
"9/4/2005 ","TRÊS MARIAS",568.96
"9/5/2005 ","TRÊS MARIAS",568.91
"9/6/2005 ","TRÊS MARIAS",568.88
"9/7/2005 ","TRÊS MARIAS",568.83
"9/8/2005 ","TRÊS MARIAS",568.79
"9/9/2005 ","TRÊS MARIAS",568.75
"9/10/2005 ","TRÊS MARIAS",568.7
"9/11/2005 ","TRÊS MARIAS",568.66
"9/12/2005 ","TRÊS MARIAS",568.62
"9/13/2005 ","TRÊS MARIAS",568.59
"9/14/2005 ","TRÊS MARIAS",568.56
"9/15/2005 ","TRÊS MARIAS",568.53
"9/16/2005 ","TRÊS MARIAS",568.5
"9/17/2005 ","TRÊS MARIAS",568.47
"9/18/2005 ","TRÊS MARIAS",568.42
"9/19/2005 ","TRÊS MARIAS",568.38
"9/20/2005 ","TRÊS MARIAS",568.34
"9/21/2005 ","TRÊS MARIAS",568.31
"9/22/2005 ","TRÊS MARIAS",568.27
"9/23/2005 ","TRÊS MARIAS",568.22
"9/24/2005 ","TRÊS MARIAS",568.18
"9/25/2005 ","TRÊS MARIAS",568.16
"9/26/2005 ","TRÊS MARIAS",568.12
"9/27/2005 ","TRÊS MARIAS",568.1
"9/28/2005 ","TRÊS MARIAS",568.05
"9/29/2005 ","TRÊS MARIAS",568.01
"9/30/2005 ","TRÊS MARIAS",567.97
"10/1/2005 ","TRÊS MARIAS",567.93
"10/2/2005 ","TRÊS MARIAS",567.89
"10/3/2005 ","TRÊS MARIAS",567.85
"10/4/2005 ","TRÊS MARIAS",567.81
"10/5/2005 ","TRÊS MARIAS",567.76
"10/6/2005 ","TRÊS MARIAS",567.73
"10/7/2005 ","TRÊS MARIAS",567.67
"10/8/2005 ","TRÊS MARIAS",567.62
"10/9/2005 ","TRÊS MARIAS",567.57
"10/10/2005 ","TRÊS MARIAS",567.53
"10/11/2005 ","TRÊS MARIAS",567.48
"10/12/2005 ","TRÊS MARIAS",567.43
"10/13/2005 ","TRÊS MARIAS",567.38
"10/14/2005 ","TRÊS MARIAS",567.32
"10/15/2005 ","TRÊS MARIAS",567.27
"10/16/2005 ","TRÊS MARIAS",567.22
"10/17/2005 ","TRÊS MARIAS",567.17
"10/18/2005 ","TRÊS MARIAS",567.13
"10/19/2005 ","TRÊS MARIAS",567.08
"10/20/2005 ","TRÊS MARIAS",567.03
"10/21/2005 ","TRÊS MARIAS",566.98
"10/22/2005 ","TRÊS MARIAS",566.92
"10/23/2005 ","TRÊS MARIAS",566.87
"10/24/2005 ","TRÊS MARIAS",566.82
"10/25/2005 ","TRÊS MARIAS",566.77
"10/26/2005 ","TRÊS MARIAS",566.72
"10/27/2005 ","TRÊS MARIAS",566.66
"10/28/2005 ","TRÊS MARIAS",566.61
"10/29/2005 ","TRÊS MARIAS",566.56
"10/30/2005 ","TRÊS MARIAS",566.51
"10/31/2005 ","TRÊS MARIAS",566.47
"11/1/2005 ","TRÊS MARIAS",566.46
"11/2/2005 ","TRÊS MARIAS",566.48
"11/3/2005 ","TRÊS MARIAS",566.45
"11/4/2005 ","TRÊS MARIAS",566.44
"11/5/2005 ","TRÊS MARIAS",566.43
"11/6/2005 ","TRÊS MARIAS",566.39
"11/7/2005 ","TRÊS MARIAS",566.35
"11/8/2005 ","TRÊS MARIAS",566.33
"11/9/2005 ","TRÊS MARIAS",566.33
"11/10/2005 ","TRÊS MARIAS",566.29
"11/11/2005 ","TRÊS MARIAS",566.3
"11/12/2005 ","TRÊS MARIAS",566.28
"11/13/2005 ","TRÊS MARIAS",566.26
"11/14/2005 ","TRÊS MARIAS",566.23
"11/15/2005 ","TRÊS MARIAS",566.2
"11/16/2005 ","TRÊS MARIAS",566.17
"11/17/2005 ","TRÊS MARIAS",566.15
"11/18/2005 ","TRÊS MARIAS",566.17
"11/19/2005 ","TRÊS MARIAS",566.19
"11/20/2005 ","TRÊS MARIAS",566.2
"11/21/2005 ","TRÊS MARIAS",566.22
"11/22/2005 ","TRÊS MARIAS",566.26
"11/23/2005 ","TRÊS MARIAS",566.27
"11/24/2005 ","TRÊS MARIAS",566.3
"11/25/2005 ","TRÊS MARIAS",566.33
"11/26/2005 ","TRÊS MARIAS",566.46
"11/27/2005 ","TRÊS MARIAS",566.55
"11/28/2005 ","TRÊS MARIAS",566.6
"11/29/2005 ","TRÊS MARIAS",566.65
"11/30/2005 ","TRÊS MARIAS",566.71
"12/1/2005 ","TRÊS MARIAS",566.74
"12/2/2005 ","TRÊS MARIAS",566.76
"12/3/2005 ","TRÊS MARIAS",566.77
"12/4/2005 ","TRÊS MARIAS",566.79
"12/5/2005 ","TRÊS MARIAS",566.81
"12/6/2005 ","TRÊS MARIAS",566.84
"12/7/2005 ","TRÊS MARIAS",566.96
"12/8/2005 ","TRÊS MARIAS",567.04
"12/9/2005 ","TRÊS MARIAS",567.12
"12/10/2005 ","TRÊS MARIAS",567.2
"12/11/2005 ","TRÊS MARIAS",567.36
"12/12/2005 ","TRÊS MARIAS",567.52
"12/13/2005 ","TRÊS MARIAS",567.64
"12/14/2005 ","TRÊS MARIAS",567.8
"12/15/2005 ","TRÊS MARIAS",568.15
"12/16/2005 ","TRÊS MARIAS",568.37
"12/17/2005 ","TRÊS MARIAS",568.52
"12/18/2005 ","TRÊS MARIAS",568.61
"12/19/2005 ","TRÊS MARIAS",568.64
"12/20/2005 ","TRÊS MARIAS",568.66
"12/21/2005 ","TRÊS MARIAS",568.66
"12/22/2005 ","TRÊS MARIAS",568.63
"12/23/2005 ","TRÊS MARIAS",568.59
"12/24/2005 ","TRÊS MARIAS",568.55
"12/25/2005 ","TRÊS MARIAS",568.55
"12/26/2005 ","TRÊS MARIAS",568.51
"12/27/2005 ","TRÊS MARIAS",568.44
"12/28/2005 ","TRÊS MARIAS",568.4
"12/29/2005 ","TRÊS MARIAS",568.38
"12/30/2005 ","TRÊS MARIAS",568.35
"12/31/2005 ","TRÊS MARIAS",568.32
